captured_at_utc,game_id,kickoff_utc,home_team,away_team,sportsbook_key,sportsbook,bookmaker_last_update_utc,market_last_update_utc,selection,spread,american_odds,season,ratings_asof_utc,ratings_training_games,home_rating,away_rating,projected_home_margin,ratings_input_sha256,capture_status,division_status
2026-10-04T07:16:52Z,57ad14afc7db1843fd56f5971dadb058,2026-10-07T00:00:00Z,Troy Trojans,Southern Mississippi Golden Eagles,fanduel,FanDuel,2026-10-04T07:16:44Z,2026-10-04T07:16:44Z,Southern Mississippi Golden Eagles,10.5,-118.0,2026,2026-10-04T07:16:52Z,1616,1.851798182597907,-1.456068963013863,5.80786714561177,530648e15edd8347df0ab4a4bd7f9b4f4425bf26330475515b2efc791208883f,timestamped_live_quote,FBS vs FBS
2026-10-04T07:16:52Z,57ad14afc7db1843fd56f5971dadb058,2026-10-07T00:00:00Z,Troy Trojans,Southern Mississippi Golden Eagles,fanduel,FanDuel,2026-10-04T07:16:44Z,2026-10-04T07:16:44Z,Troy Trojans,-10.5,-104.0,2026,2026-10-04T07:16:52Z,1616,1.851798182597907,-1.456068963013863,5.80786714561177,530648e15edd8347df0ab4a4bd7f9b4f4425bf26330475515b2efc791208883f,timestamped_live_quote,FBS vs FBS
2026-10-04T07:16:52Z,57ad14afc7db1843fd56f5971dadb058,2026-10-07T00:00:00Z,Troy Trojans,Southern Mississippi Golden Eagles,draftkings,DraftKings,2026-10-04T07:16:00Z,2026-10-04T07:16:00Z,Southern Mississippi Golden Eagles,9.5,-110.0,2026,2026-10-04T07:16:52Z,1616,1.851798182597907,-1.456068963013863,5.80786714561177,530648e15edd8347df0ab4a4bd7f9b4f4425bf26330475515b2efc791208883f,timestamped_live_quote,FBS vs FBS
2026-10-04T07:16:52Z,57ad14afc7db1843fd56f5971dadb058,2026-10-07T00:00:00Z,Troy Trojans,Southern Mississippi Golden Eagles,draftkings,DraftKings,2026-10-04T07:16:00Z,2026-10-04T07:16:00Z,Troy Trojans,-9.5,-110.0,2026,2026-10-04T07:16:52Z,1616,1.851798182597907,-1.456068963013863,5.80786714561177,530648e15edd8347df0ab4a4bd7f9b4f4425bf26330475515b2efc791208883f,timestamped_live_quote,FBS vs FBS
2026-10-04T07:16:52Z,57ad14afc7db1843fd56f5971dadb058,2026-10-07T00:00:00Z,Troy Trojans,Southern Mississippi Golden Eagles,betrivers,BetRivers,2026-10-04T07:16:44Z,2026-10-04T07:16:44Z,Southern Mississippi Golden Eagles,9.5,-112.0,2026,2026-10-04T07:16:52Z,1616,1.851798182597907,-1.456068963013863,5.80786714561177,530648e15edd8347df0ab4a4bd7f9b4f4425bf26330475515b2efc791208883f,timestamped_live_quote,FBS vs FBS
2026-10-04T07:16:52Z,57ad14afc7db1843fd56f5971dadb058,2026-10-07T00:00:00Z,Troy Trojans,Southern Mississippi Golden Eagles,betrivers,BetRivers,2026-10-04T07:16:44Z,2026-10-04T07:16:44Z,Troy Trojans,-9.5,-112.0,2026,2026-10-04T07:16:52Z,1616,1.851798182597907,-1.456068963013863,5.80786714561177,530648e15edd8347df0ab4a4bd7f9b4f4425bf26330475515b2efc791208883f,timestamped_live_quote,FBS vs FBS
2026-10-04T07:16:52Z,c89488b9c83038e85e02e92481d093fe,2026-10-07T23:00:00Z,Kennesaw State Owls,Jacksonville State Gamecocks,fanduel,FanDuel,2026-10-04T07:16:44Z,2026-10-04T07:16:44Z,Jacksonville State Gamecocks,-4.5,-104.0,2026,2026-10-04T07:16:52Z,1616,2.125220935230893,3.3835480940692264,1.2416728411616664,530648e15edd8347df0ab4a4bd7f9b4f4425bf26330475515b2efc791208883f,timestamped_live_quote,FBS vs FBS
2026-10-04T07:16:52Z,c89488b9c83038e85e02e92481d093fe,2026-10-07T23:00:00Z,Kennesaw State Owls,Jacksonville State Gamecocks,fanduel,FanDuel,2026-10-04T07:16:44Z,2026-10-04T07:16:44Z,Kennesaw State Owls,4.5,-118.0,2026,2026-10-04T07:16:52Z,1616,2.125220935230893,3.3835480940692264,1.2416728411616664,530648e15edd8347df0ab4a4bd7f9b4f4425bf26330475515b2efc791208883f,timestamped_live_quote,FBS vs FBS
2026-10-04T07:16:52Z,c89488b9c83038e85e02e92481d093fe,2026-10-07T23:00:00Z,Kennesaw State Owls,Jacksonville State Gamecocks,draftkings,DraftKings,2026-10-04T07:16:00Z,2026-10-04T07:16:00Z,Jacksonville State Gamecocks,-3.5,-110.0,2026,2026-10-04T07:16:52Z,1616,2.125220935230893,3.3835480940692264,1.2416728411616664,530648e15edd8347df0ab4a4bd7f9b4f4425bf26330475515b2efc791208883f,timestamped_live_quote,FBS vs FBS
2026-10-04T07:16:52Z,c89488b9c83038e85e02e92481d093fe,2026-10-07T23:00:00Z,Kennesaw State Owls,Jacksonville State Gamecocks,draftkings,DraftKings,2026-10-04T07:16:00Z,2026-10-04T07:16:00Z,Kennesaw State Owls,3.5,-110.0,2026,2026-10-04T07:16:52Z,1616,2.125220935230893,3.3835480940692264,1.2416728411616664,530648e15edd8347df0ab4a4bd7f9b4f4425bf26330475515b2efc791208883f,timestamped_live_quote,FBS vs FBS
2026-10-04T07:16:52Z,c89488b9c83038e85e02e92481d093fe,2026-10-07T23:00:00Z,Kennesaw State Owls,Jacksonville State Gamecocks,betrivers,BetRivers,2026-10-04T07:16:44Z,2026-10-04T07:16:44Z,Jacksonville State Gamecocks,-3.0,-117.0,2026,2026-10-04T07:16:52Z,1616,2.125220935230893,3.3835480940692264,1.2416728411616664,530648e15edd8347df0ab4a4bd7f9b4f4425bf26330475515b2efc791208883f,timestamped_live_quote,FBS vs FBS
2026-10-04T07:16:52Z,c89488b9c83038e85e02e92481d093fe,2026-10-07T23:00:00Z,Kennesaw State Owls,Jacksonville State Gamecocks,betrivers,BetRivers,2026-10-04T07:16:44Z,2026-10-04T07:16:44Z,Kennesaw State Owls,3.0,-107.0,2026,2026-10-04T07:16:52Z,1616,2.125220935230893,3.3835480940692264,1.2416728411616664,530648e15edd8347df0ab4a4bd7f9b4f4425bf26330475515b2efc791208883f,timestamped_live_quote,FBS vs FBS
2026-10-04T07:16:52Z,9aa0a267b153a6cc0d6c3e5746e78213,2026-10-07T23:30:00Z,Florida International Panthers,New Mexico State Aggies,fanduel,FanDuel,2026-10-04T07:16:44Z,2026-10-04T07:16:44Z,Florida International Panthers,-4.5,-115.0,2026,2026-10-04T07:16:52Z,1616,1.121152986093634,0.28027879950148005,3.340874186592154,530648e15edd8347df0ab4a4bd7f9b4f4425bf26330475515b2efc791208883f,timestamped_live_quote,FBS vs FBS
2026-10-04T07:16:52Z,9aa0a267b153a6cc0d6c3e5746e78213,2026-10-07T23:30:00Z,Florida International Panthers,New Mexico State Aggies,fanduel,FanDuel,2026-10-04T07:16:44Z,2026-10-04T07:16:44Z,New Mexico State Aggies,4.5,-105.0,2026,2026-10-04T07:16:52Z,1616,1.121152986093634,0.28027879950148005,3.340874186592154,530648e15edd8347df0ab4a4bd7f9b4f4425bf26330475515b2efc791208883f,timestamped_live_quote,FBS vs FBS
2026-10-04T07:16:52Z,9aa0a267b153a6cc0d6c3e5746e78213,2026-10-07T23:30:00Z,Florida International Panthers,New Mexico State Aggies,draftkings,DraftKings,2026-10-04T07:16:00Z,2026-10-04T07:16:00Z,Florida International Panthers,-3.5,-110.0,2026,2026-10-04T07:16:52Z,1616,1.121152986093634,0.28027879950148005,3.340874186592154,530648e15edd8347df0ab4a4bd7f9b4f4425bf26330475515b2efc791208883f,timestamped_live_quote,FBS vs FBS
2026-10-04T07:16:52Z,9aa0a267b153a6cc0d6c3e5746e78213,2026-10-07T23:30:00Z,Florida International Panthers,New Mexico State Aggies,draftkings,DraftKings,2026-10-04T07:16:00Z,2026-10-04T07:16:00Z,New Mexico State Aggies,3.5,-110.0,2026,2026-10-04T07:16:52Z,1616,1.121152986093634,0.28027879950148005,3.340874186592154,530648e15edd8347df0ab4a4bd7f9b4f4425bf26330475515b2efc791208883f,timestamped_live_quote,FBS vs FBS
2026-10-04T07:16:52Z,b274da111dc9826f36e5fa238998dd69,2026-10-08T23:00:00Z,Liberty Flames,Sam Houston State Bearkats,fanduel,FanDuel,2026-10-04T07:16:44Z,2026-10-04T07:16:44Z,Liberty Flames,-13.5,-110.0,2026,2026-10-04T07:16:52Z,1616,8.362473809577068,2.757144936170124,8.105328873406943,530648e15edd8347df0ab4a4bd7f9b4f4425bf26330475515b2efc791208883f,timestamped_live_quote,FBS vs FBS
2026-10-04T07:16:52Z,b274da111dc9826f36e5fa238998dd69,2026-10-08T23:00:00Z,Liberty Flames,Sam Houston State Bearkats,fanduel,FanDuel,2026-10-04T07:16:44Z,2026-10-04T07:16:44Z,Sam Houston State Bearkats,13.5,-110.0,2026,2026-10-04T07:16:52Z,1616,8.362473809577068,2.757144936170124,8.105328873406943,530648e15edd8347df0ab4a4bd7f9b4f4425bf26330475515b2efc791208883f,timestamped_live_quote,FBS vs FBS
2026-10-04T07:16:52Z,561884d0d63e91b022e96bc6c415accd,2026-10-08T23:00:00Z,Western Kentucky Hilltoppers,Missouri State Bears,fanduel,FanDuel,2026-10-04T07:16:44Z,2026-10-04T07:16:44Z,Missouri State Bears,-1.5,-104.0,2026,2026-10-04T07:16:52Z,1616,-7.3869982425008045,-3.31646503374214,-1.5705332087586648,530648e15edd8347df0ab4a4bd7f9b4f4425bf26330475515b2efc791208883f,timestamped_live_quote,FBS vs FBS
2026-10-04T07:16:52Z,561884d0d63e91b022e96bc6c415accd,2026-10-08T23:00:00Z,Western Kentucky Hilltoppers,Missouri State Bears,fanduel,FanDuel,2026-10-04T07:16:44Z,2026-10-04T07:16:44Z,Western Kentucky Hilltoppers,1.5,-118.0,2026,2026-10-04T07:16:52Z,1616,-7.3869982425008045,-3.31646503374214,-1.5705332087586648,530648e15edd8347df0ab4a4bd7f9b4f4425bf26330475515b2efc791208883f,timestamped_live_quote,FBS vs FBS
2026-10-04T07:16:52Z,52f2d012fe3e686087077b0d7083159a,2026-10-08T23:30:00Z,Arkansas State Red Wolves,South Alabama Jaguars,fanduel,FanDuel,2026-10-04T07:16:44Z,2026-10-04T07:16:44Z,Arkansas State Red Wolves,-1.5,-110.0,2026,2026-10-04T07:16:52Z,1616,2.689230673562538,1.802548805771439,3.386681867791099,530648e15edd8347df0ab4a4bd7f9b4f4425bf26330475515b2efc791208883f,timestamped_live_quote,FBS vs FBS
2026-10-04T07:16:52Z,52f2d012fe3e686087077b0d7083159a,2026-10-08T23:30:00Z,Arkansas State Red Wolves,South Alabama Jaguars,fanduel,FanDuel,2026-10-04T07:16:44Z,2026-10-04T07:16:44Z,South Alabama Jaguars,1.5,-110.0,2026,2026-10-04T07:16:52Z,1616,2.689230673562538,1.802548805771439,3.386681867791099,530648e15edd8347df0ab4a4bd7f9b4f4425bf26330475515b2efc791208883f,timestamped_live_quote,FBS vs FBS
2026-10-04T07:16:52Z,2a637494f07611db6ba822fb84218d58,2026-10-08T23:30:00Z,UTSA Roadrunners,South Florida Bulls,fanduel,FanDuel,2026-10-04T07:16:44Z,2026-10-04T07:16:44Z,South Florida Bulls,6.5,-110.0,2026,2026-10-04T07:16:52Z,1616,5.4516800746202785,6.225797452315719,1.7258826223045594,530648e15edd8347df0ab4a4bd7f9b4f4425bf26330475515b2efc791208883f,timestamped_live_quote,FBS vs FBS
2026-10-04T07:16:52Z,2a637494f07611db6ba822fb84218d58,2026-10-08T23:30:00Z,UTSA Roadrunners,South Florida Bulls,fanduel,FanDuel,2026-10-04T07:16:44Z,2026-10-04T07:16:44Z,UTSA Roadrunners,-6.5,-110.0,2026,2026-10-04T07:16:52Z,1616,5.4516800746202785,6.225797452315719,1.7258826223045594,530648e15edd8347df0ab4a4bd7f9b4f4425bf26330475515b2efc791208883f,timestamped_live_quote,FBS vs FBS
2026-10-04T07:16:52Z,7556739cc30a38511b7f631581a416e4,2026-10-09T23:00:00Z,Louisville Cardinals,Florida State Seminoles,draftkings,DraftKings,2026-10-04T07:16:00Z,2026-10-04T07:16:00Z,Florida State Seminoles,6.5,-110.0,2026,2026-10-04T07:16:52Z,1616,7.388878070267304,9.660339623017078,0.22853844725022565,530648e15edd8347df0ab4a4bd7f9b4f4425bf26330475515b2efc791208883f,timestamped_live_quote,FBS vs FBS
2026-10-04T07:16:52Z,7556739cc30a38511b7f631581a416e4,2026-10-09T23:00:00Z,Louisville Cardinals,Florida State Seminoles,draftkings,DraftKings,2026-10-04T07:16:00Z,2026-10-04T07:16:00Z,Louisville Cardinals,-6.5,-110.0,2026,2026-10-04T07:16:52Z,1616,7.388878070267304,9.660339623017078,0.22853844725022565,530648e15edd8347df0ab4a4bd7f9b4f4425bf26330475515b2efc791208883f,timestamped_live_quote,FBS vs FBS
2026-10-04T07:16:52Z,7556739cc30a38511b7f631581a416e4,2026-10-09T23:00:00Z,Louisville Cardinals,Florida State Seminoles,fanduel,FanDuel,2026-10-04T07:16:44Z,2026-10-04T07:16:44Z,Florida State Seminoles,6.5,-108.0,2026,2026-10-04T07:16:52Z,1616,7.388878070267304,9.660339623017078,0.22853844725022565,530648e15edd8347df0ab4a4bd7f9b4f4425bf26330475515b2efc791208883f,timestamped_live_quote,FBS vs FBS
2026-10-04T07:16:52Z,7556739cc30a38511b7f631581a416e4,2026-10-09T23:00:00Z,Louisville Cardinals,Florida State Seminoles,fanduel,FanDuel,2026-10-04T07:16:44Z,2026-10-04T07:16:44Z,Louisville Cardinals,-6.5,-112.0,2026,2026-10-04T07:16:52Z,1616,7.388878070267304,9.660339623017078,0.22853844725022565,530648e15edd8347df0ab4a4bd7f9b4f4425bf26330475515b2efc791208883f,timestamped_live_quote,FBS vs FBS
2026-10-04T07:16:52Z,a168f1bed30ce7d56dc2b77dbfe37705,2026-10-10T01:00:00Z,Washington Huskies,Iowa Hawkeyes,draftkings,DraftKings,2026-10-04T07:16:00Z,2026-10-04T07:16:00Z,Iowa Hawkeyes,2.5,-115.0,2026,2026-10-04T07:16:52Z,1616,4.956331134183723,11.15456708814752,-3.6982359539637963,530648e15edd8347df0ab4a4bd7f9b4f4425bf26330475515b2efc791208883f,timestamped_live_quote,FBS vs FBS
2026-10-04T07:16:52Z,a168f1bed30ce7d56dc2b77dbfe37705,2026-10-10T01:00:00Z,Washington Huskies,Iowa Hawkeyes,draftkings,DraftKings,2026-10-04T07:16:00Z,2026-10-04T07:16:00Z,Washington Huskies,-2.5,-105.0,2026,2026-10-04T07:16:52Z,1616,4.956331134183723,11.15456708814752,-3.6982359539637963,530648e15edd8347df0ab4a4bd7f9b4f4425bf26330475515b2efc791208883f,timestamped_live_quote,FBS vs FBS
2026-10-04T07:16:52Z,a168f1bed30ce7d56dc2b77dbfe37705,2026-10-10T01:00:00Z,Washington Huskies,Iowa Hawkeyes,fanduel,FanDuel,2026-10-04T07:16:44Z,2026-10-04T07:16:44Z,Iowa Hawkeyes,1.5,-104.0,2026,2026-10-04T07:16:52Z,1616,4.956331134183723,11.15456708814752,-3.6982359539637963,530648e15edd8347df0ab4a4bd7f9b4f4425bf26330475515b2efc791208883f,timestamped_live_quote,FBS vs FBS
2026-10-04T07:16:52Z,a168f1bed30ce7d56dc2b77dbfe37705,2026-10-10T01:00:00Z,Washington Huskies,Iowa Hawkeyes,fanduel,FanDuel,2026-10-04T07:16:44Z,2026-10-04T07:16:44Z,Washington Huskies,-1.5,-118.0,2026,2026-10-04T07:16:52Z,1616,4.956331134183723,11.15456708814752,-3.6982359539637963,530648e15edd8347df0ab4a4bd7f9b4f4425bf26330475515b2efc791208883f,timestamped_live_quote,FBS vs FBS
2026-10-04T07:16:52Z,55d9636153ca5741d460ef2f78b663d9,2026-10-10T02:15:00Z,BYU Cougars,Iowa State Cyclones,draftkings,DraftKings,2026-10-04T07:16:00Z,2026-10-04T07:16:00Z,BYU Cougars,-11.5,-105.0,2026,2026-10-04T07:16:52Z,1616,11.723827946427816,8.838273541024972,5.385554405402845,530648e15edd8347df0ab4a4bd7f9b4f4425bf26330475515b2efc791208883f,timestamped_live_quote,FBS vs FBS
2026-10-04T07:16:52Z,55d9636153ca5741d460ef2f78b663d9,2026-10-10T02:15:00Z,BYU Cougars,Iowa State Cyclones,draftkings,DraftKings,2026-10-04T07:16:00Z,2026-10-04T07:16:00Z,Iowa State Cyclones,11.5,-115.0,2026,2026-10-04T07:16:52Z,1616,11.723827946427816,8.838273541024972,5.385554405402845,530648e15edd8347df0ab4a4bd7f9b4f4425bf26330475515b2efc791208883f,timestamped_live_quote,FBS vs FBS
2026-10-04T07:16:52Z,55d9636153ca5741d460ef2f78b663d9,2026-10-10T02:15:00Z,BYU Cougars,Iowa State Cyclones,fanduel,FanDuel,2026-10-04T07:16:44Z,2026-10-04T07:16:44Z,BYU Cougars,-9.5,-110.0,2026,2026-10-04T07:16:52Z,1616,11.723827946427816,8.838273541024972,5.385554405402845,530648e15edd8347df0ab4a4bd7f9b4f4425bf26330475515b2efc791208883f,timestamped_live_quote,FBS vs FBS
2026-10-04T07:16:52Z,55d9636153ca5741d460ef2f78b663d9,2026-10-10T02:15:00Z,BYU Cougars,Iowa State Cyclones,fanduel,FanDuel,2026-10-04T07:16:44Z,2026-10-04T07:16:44Z,Iowa State Cyclones,9.5,-110.0,2026,2026-10-04T07:16:52Z,1616,11.723827946427816,8.838273541024972,5.385554405402845,530648e15edd8347df0ab4a4bd7f9b4f4425bf26330475515b2efc791208883f,timestamped_live_quote,FBS vs FBS
2026-10-04T07:16:52Z,5d7901b0ad44ffe1b92e18fc8d511a7e,2026-10-10T16:00:00Z,West Virginia Mountaineers,Arizona Wildcats,fanduel,FanDuel,2026-10-04T07:16:44Z,2026-10-04T07:16:44Z,Arizona Wildcats,-3.5,100.0,2026,2026-10-04T07:16:52Z,1616,7.238163697781825,7.382491178329295,2.35567251945253,530648e15edd8347df0ab4a4bd7f9b4f4425bf26330475515b2efc791208883f,timestamped_live_quote,FBS vs FBS
2026-10-04T07:16:52Z,5d7901b0ad44ffe1b92e18fc8d511a7e,2026-10-10T16:00:00Z,West Virginia Mountaineers,Arizona Wildcats,fanduel,FanDuel,2026-10-04T07:16:44Z,2026-10-04T07:16:44Z,West Virginia Mountaineers,3.5,-122.0,2026,2026-10-04T07:16:52Z,1616,7.238163697781825,7.382491178329295,2.35567251945253,530648e15edd8347df0ab4a4bd7f9b4f4425bf26330475515b2efc791208883f,timestamped_live_quote,FBS vs FBS
2026-10-04T07:16:52Z,3e691b53c660a64495a44816768176e8,2026-10-10T16:00:00Z,Nebraska Cornhuskers,Indiana Hoosiers,fanduel,FanDuel,2026-10-04T07:16:44Z,2026-10-04T07:16:44Z,Indiana Hoosiers,-8.5,-108.0,2026,2026-10-04T07:16:52Z,1616,16.129799426472744,18.227855055075004,0.40194437139773953,530648e15edd8347df0ab4a4bd7f9b4f4425bf26330475515b2efc791208883f,timestamped_live_quote,FBS vs FBS
2026-10-04T07:16:52Z,3e691b53c660a64495a44816768176e8,2026-10-10T16:00:00Z,Nebraska Cornhuskers,Indiana Hoosiers,fanduel,FanDuel,2026-10-04T07:16:44Z,2026-10-04T07:16:44Z,Nebraska Cornhuskers,8.5,-112.0,2026,2026-10-04T07:16:52Z,1616,16.129799426472744,18.227855055075004,0.40194437139773953,530648e15edd8347df0ab4a4bd7f9b4f4425bf26330475515b2efc791208883f,timestamped_live_quote,FBS vs FBS
2026-10-04T07:16:52Z,3e691b53c660a64495a44816768176e8,2026-10-10T16:00:00Z,Nebraska Cornhuskers,Indiana Hoosiers,draftkings,DraftKings,2026-10-04T07:16:00Z,2026-10-04T07:16:00Z,Indiana Hoosiers,-8.5,-110.0,2026,2026-10-04T07:16:52Z,1616,16.129799426472744,18.227855055075004,0.40194437139773953,530648e15edd8347df0ab4a4bd7f9b4f4425bf26330475515b2efc791208883f,timestamped_live_quote,FBS vs FBS
2026-10-04T07:16:52Z,3e691b53c660a64495a44816768176e8,2026-10-10T16:00:00Z,Nebraska Cornhuskers,Indiana Hoosiers,draftkings,DraftKings,2026-10-04T07:16:00Z,2026-10-04T07:16:00Z,Nebraska Cornhuskers,8.5,-110.0,2026,2026-10-04T07:16:52Z,1616,16.129799426472744,18.227855055075004,0.40194437139773953,530648e15edd8347df0ab4a4bd7f9b4f4425bf26330475515b2efc791208883f,timestamped_live_quote,FBS vs FBS
2026-10-04T07:16:52Z,416ce0307b7b9d97f5365a29c1729339,2026-10-10T16:00:00Z,NC State Wolfpack,Wake Forest Demon Deacons,fanduel,FanDuel,2026-10-04T07:16:44Z,2026-10-04T07:16:44Z,NC State Wolfpack,3.5,-115.0,2026,2026-10-04T07:16:52Z,1616,8.34901713416255,9.19335127104203,1.6556658631205199,530648e15edd8347df0ab4a4bd7f9b4f4425bf26330475515b2efc791208883f,timestamped_live_quote,FBS vs FBS
2026-10-04T07:16:52Z,416ce0307b7b9d97f5365a29c1729339,2026-10-10T16:00:00Z,NC State Wolfpack,Wake Forest Demon Deacons,fanduel,FanDuel,2026-10-04T07:16:44Z,2026-10-04T07:16:44Z,Wake Forest Demon Deacons,-3.5,-105.0,2026,2026-10-04T07:16:52Z,1616,8.34901713416255,9.19335127104203,1.6556658631205199,530648e15edd8347df0ab4a4bd7f9b4f4425bf26330475515b2efc791208883f,timestamped_live_quote,FBS vs FBS
2026-10-04T07:16:52Z,b067027cbaeaf86e6c9bb26becb97c94,2026-10-10T16:00:00Z,Pittsburgh Panthers,North Carolina Tar Heels,fanduel,FanDuel,2026-10-04T07:16:44Z,2026-10-04T07:16:44Z,North Carolina Tar Heels,3.5,-112.0,2026,2026-10-04T07:16:52Z,1616,15.418029737794916,6.333507871698724,11.584521866096193,530648e15edd8347df0ab4a4bd7f9b4f4425bf26330475515b2efc791208883f,timestamped_live_quote,FBS vs FBS
2026-10-04T07:16:52Z,b067027cbaeaf86e6c9bb26becb97c94,2026-10-10T16:00:00Z,Pittsburgh Panthers,North Carolina Tar Heels,fanduel,FanDuel,2026-10-04T07:16:44Z,2026-10-04T07:16:44Z,Pittsburgh Panthers,-3.5,-108.0,2026,2026-10-04T07:16:52Z,1616,15.418029737794916,6.333507871698724,11.584521866096193,530648e15edd8347df0ab4a4bd7f9b4f4425bf26330475515b2efc791208883f,timestamped_live_quote,FBS vs FBS
2026-10-04T07:16:52Z,690e2edaba34c383d2ebfa8f8394f973,2026-10-10T16:00:00Z,Oklahoma State Cowboys,UCF Knights,fanduel,FanDuel,2026-10-04T07:16:44Z,2026-10-04T07:16:44Z,Oklahoma State Cowboys,-9.5,-110.0,2026,2026-10-04T07:16:52Z,1616,10.163046613891735,13.622449806375663,-0.9594031924839275,530648e15edd8347df0ab4a4bd7f9b4f4425bf26330475515b2efc791208883f,timestamped_live_quote,FBS vs FBS
2026-10-04T07:16:52Z,690e2edaba34c383d2ebfa8f8394f973,2026-10-10T16:00:00Z,Oklahoma State Cowboys,UCF Knights,fanduel,FanDuel,2026-10-04T07:16:44Z,2026-10-04T07:16:44Z,UCF Knights,9.5,-110.0,2026,2026-10-04T07:16:52Z,1616,10.163046613891735,13.622449806375663,-0.9594031924839275,530648e15edd8347df0ab4a4bd7f9b4f4425bf26330475515b2efc791208883f,timestamped_live_quote,FBS vs FBS
2026-10-04T07:16:52Z,4462f1fa168ab2a5a25fe2807ebec8ac,2026-10-10T16:00:00Z,Penn State Nittany Lions,USC Trojans,draftkings,DraftKings,2026-10-04T07:16:00Z,2026-10-04T07:16:00Z,Penn State Nittany Lions,2.5,-115.0,2026,2026-10-04T07:16:52Z,1616,10.793434921862268,8.981863230589209,4.311571691273059,530648e15edd8347df0ab4a4bd7f9b4f4425bf26330475515b2efc791208883f,timestamped_live_quote,FBS vs FBS
2026-10-04T07:16:52Z,4462f1fa168ab2a5a25fe2807ebec8ac,2026-10-10T16:00:00Z,Penn State Nittany Lions,USC Trojans,draftkings,DraftKings,2026-10-04T07:16:00Z,2026-10-04T07:16:00Z,USC Trojans,-2.5,-105.0,2026,2026-10-04T07:16:52Z,1616,10.793434921862268,8.981863230589209,4.311571691273059,530648e15edd8347df0ab4a4bd7f9b4f4425bf26330475515b2efc791208883f,timestamped_live_quote,FBS vs FBS
2026-10-04T07:16:52Z,4462f1fa168ab2a5a25fe2807ebec8ac,2026-10-10T16:00:00Z,Penn State Nittany Lions,USC Trojans,fanduel,FanDuel,2026-10-04T07:16:44Z,2026-10-04T07:16:44Z,Penn State Nittany Lions,1.5,-106.0,2026,2026-10-04T07:16:52Z,1616,10.793434921862268,8.981863230589209,4.311571691273059,530648e15edd8347df0ab4a4bd7f9b4f4425bf26330475515b2efc791208883f,timestamped_live_quote,FBS vs FBS
2026-10-04T07:16:52Z,4462f1fa168ab2a5a25fe2807ebec8ac,2026-10-10T16:00:00Z,Penn State Nittany Lions,USC Trojans,fanduel,FanDuel,2026-10-04T07:16:44Z,2026-10-04T07:16:44Z,USC Trojans,-1.5,-114.0,2026,2026-10-04T07:16:52Z,1616,10.793434921862268,8.981863230589209,4.311571691273059,530648e15edd8347df0ab4a4bd7f9b4f4425bf26330475515b2efc791208883f,timestamped_live_quote,FBS vs FBS
2026-10-04T07:16:52Z,9383cbbbb905d9ee50a3341f6945eae7,2026-10-10T17:00:00Z,Florida Gators,South Carolina Gamecocks,draftkings,DraftKings,2026-10-04T07:16:00Z,2026-10-04T07:16:00Z,Florida Gators,-14.0,-110.0,2026,2026-10-04T07:16:52Z,1616,13.876766513104334,7.659480459744691,8.717286053359643,530648e15edd8347df0ab4a4bd7f9b4f4425bf26330475515b2efc791208883f,timestamped_live_quote,FBS vs FBS
2026-10-04T07:16:52Z,9383cbbbb905d9ee50a3341f6945eae7,2026-10-10T17:00:00Z,Florida Gators,South Carolina Gamecocks,draftkings,DraftKings,2026-10-04T07:16:00Z,2026-10-04T07:16:00Z,South Carolina Gamecocks,14.0,-110.0,2026,2026-10-04T07:16:52Z,1616,13.876766513104334,7.659480459744691,8.717286053359643,530648e15edd8347df0ab4a4bd7f9b4f4425bf26330475515b2efc791208883f,timestamped_live_quote,FBS vs FBS
2026-10-04T07:16:52Z,9383cbbbb905d9ee50a3341f6945eae7,2026-10-10T17:00:00Z,Florida Gators,South Carolina Gamecocks,fanduel,FanDuel,2026-10-04T07:16:44Z,2026-10-04T07:16:44Z,Florida Gators,-13.5,-110.0,2026,2026-10-04T07:16:52Z,1616,13.876766513104334,7.659480459744691,8.717286053359643,530648e15edd8347df0ab4a4bd7f9b4f4425bf26330475515b2efc791208883f,timestamped_live_quote,FBS vs FBS
2026-10-04T07:16:52Z,9383cbbbb905d9ee50a3341f6945eae7,2026-10-10T17:00:00Z,Florida Gators,South Carolina Gamecocks,fanduel,FanDuel,2026-10-04T07:16:44Z,2026-10-04T07:16:44Z,South Carolina Gamecocks,13.5,-110.0,2026,2026-10-04T07:16:52Z,1616,13.876766513104334,7.659480459744691,8.717286053359643,530648e15edd8347df0ab4a4bd7f9b4f4425bf26330475515b2efc791208883f,timestamped_live_quote,FBS vs FBS
2026-10-04T07:16:52Z,9e243e91f8f94e6431da5cc5c3cc8fda,2026-10-10T17:00:00Z,Missouri Tigers,Texas A&M Aggies,draftkings,DraftKings,2026-10-04T07:16:00Z,2026-10-04T07:16:00Z,Missouri Tigers,-3.0,-105.0,2026,2026-10-04T07:16:52Z,1616,13.54808479974149,10.174642264258175,5.873442535483315,530648e15edd8347df0ab4a4bd7f9b4f4425bf26330475515b2efc791208883f,timestamped_live_quote,FBS vs FBS
2026-10-04T07:16:52Z,9e243e91f8f94e6431da5cc5c3cc8fda,2026-10-10T17:00:00Z,Missouri Tigers,Texas A&M Aggies,draftkings,DraftKings,2026-10-04T07:16:00Z,2026-10-04T07:16:00Z,Texas A&M Aggies,3.0,-115.0,2026,2026-10-04T07:16:52Z,1616,13.54808479974149,10.174642264258175,5.873442535483315,530648e15edd8347df0ab4a4bd7f9b4f4425bf26330475515b2efc791208883f,timestamped_live_quote,FBS vs FBS
2026-10-04T07:16:52Z,9e243e91f8f94e6431da5cc5c3cc8fda,2026-10-10T17:00:00Z,Missouri Tigers,Texas A&M Aggies,fanduel,FanDuel,2026-10-04T07:16:44Z,2026-10-04T07:16:44Z,Missouri Tigers,-3.5,-104.0,2026,2026-10-04T07:16:52Z,1616,13.54808479974149,10.174642264258175,5.873442535483315,530648e15edd8347df0ab4a4bd7f9b4f4425bf26330475515b2efc791208883f,timestamped_live_quote,FBS vs FBS
2026-10-04T07:16:52Z,9e243e91f8f94e6431da5cc5c3cc8fda,2026-10-10T17:00:00Z,Missouri Tigers,Texas A&M Aggies,fanduel,FanDuel,2026-10-04T07:16:44Z,2026-10-04T07:16:44Z,Texas A&M Aggies,3.5,-118.0,2026,2026-10-04T07:16:52Z,1616,13.54808479974149,10.174642264258175,5.873442535483315,530648e15edd8347df0ab4a4bd7f9b4f4425bf26330475515b2efc791208883f,timestamped_live_quote,FBS vs FBS
2026-10-04T07:16:52Z,9f633922d2cc5fa338aa22d1fcb83099,2026-10-10T19:30:00Z,California Golden Bears,Virginia Tech Hokies,fanduel,FanDuel,2026-10-04T07:16:44Z,2026-10-04T07:16:44Z,California Golden Bears,11.5,-110.0,2026,2026-10-04T07:16:52Z,1616,0.9325022223286534,11.03551445113809,-7.603012228809437,530648e15edd8347df0ab4a4bd7f9b4f4425bf26330475515b2efc791208883f,timestamped_live_quote,FBS vs FBS
2026-10-04T07:16:52Z,9f633922d2cc5fa338aa22d1fcb83099,2026-10-10T19:30:00Z,California Golden Bears,Virginia Tech Hokies,fanduel,FanDuel,2026-10-04T07:16:44Z,2026-10-04T07:16:44Z,Virginia Tech Hokies,-11.5,-110.0,2026,2026-10-04T07:16:52Z,1616,0.9325022223286534,11.03551445113809,-7.603012228809437,530648e15edd8347df0ab4a4bd7f9b4f4425bf26330475515b2efc791208883f,timestamped_live_quote,FBS vs FBS
2026-10-04T07:16:52Z,43457c08aa50a7e0038aa06eb3437680,2026-10-10T19:30:00Z,Georgia Tech Yellow Jackets,Duke Blue Devils,fanduel,FanDuel,2026-10-04T07:16:44Z,2026-10-04T07:16:44Z,Duke Blue Devils,-6.5,-115.0,2026,2026-10-04T07:16:52Z,1616,1.3951188720058858,10.074356646273376,-6.17923777426749,530648e15edd8347df0ab4a4bd7f9b4f4425bf26330475515b2efc791208883f,timestamped_live_quote,FBS vs FBS
2026-10-04T07:16:52Z,43457c08aa50a7e0038aa06eb3437680,2026-10-10T19:30:00Z,Georgia Tech Yellow Jackets,Duke Blue Devils,fanduel,FanDuel,2026-10-04T07:16:44Z,2026-10-04T07:16:44Z,Georgia Tech Yellow Jackets,6.5,-105.0,2026,2026-10-04T07:16:52Z,1616,1.3951188720058858,10.074356646273376,-6.17923777426749,530648e15edd8347df0ab4a4bd7f9b4f4425bf26330475515b2efc791208883f,timestamped_live_quote,FBS vs FBS
2026-10-04T07:16:52Z,373204ebaf557738961c85f37a72fe10,2026-10-10T19:30:00Z,Kansas State Wildcats,Houston Cougars,fanduel,FanDuel,2026-10-04T07:16:44Z,2026-10-04T07:16:44Z,Houston Cougars,2.5,-115.0,2026,2026-10-04T07:16:52Z,1616,11.786662103159804,15.219348745440136,-0.9326866422803324,530648e15edd8347df0ab4a4bd7f9b4f4425bf26330475515b2efc791208883f,timestamped_live_quote,FBS vs FBS
2026-10-04T07:16:52Z,373204ebaf557738961c85f37a72fe10,2026-10-10T19:30:00Z,Kansas State Wildcats,Houston Cougars,fanduel,FanDuel,2026-10-04T07:16:44Z,2026-10-04T07:16:44Z,Kansas State Wildcats,-2.5,-105.0,2026,2026-10-04T07:16:52Z,1616,11.786662103159804,15.219348745440136,-0.9326866422803324,530648e15edd8347df0ab4a4bd7f9b4f4425bf26330475515b2efc791208883f,timestamped_live_quote,FBS vs FBS
2026-10-04T07:16:52Z,92f26a40bba178c47bbade8c9af0ada3,2026-10-10T19:30:00Z,Michigan State Spartans,Illinois Fighting Illini,fanduel,FanDuel,2026-10-04T07:16:44Z,2026-10-04T07:16:44Z,Illinois Fighting Illini,-3.5,-106.0,2026,2026-10-04T07:16:52Z,1616,2.925386836129415,5.0702163340129145,0.3551705021165006,530648e15edd8347df0ab4a4bd7f9b4f4425bf26330475515b2efc791208883f,timestamped_live_quote,FBS vs FBS
2026-10-04T07:16:52Z,92f26a40bba178c47bbade8c9af0ada3,2026-10-10T19:30:00Z,Michigan State Spartans,Illinois Fighting Illini,fanduel,FanDuel,2026-10-04T07:16:44Z,2026-10-04T07:16:44Z,Michigan State Spartans,3.5,-114.0,2026,2026-10-04T07:16:52Z,1616,2.925386836129415,5.0702163340129145,0.3551705021165006,530648e15edd8347df0ab4a4bd7f9b4f4425bf26330475515b2efc791208883f,timestamped_live_quote,FBS vs FBS
2026-10-04T07:16:52Z,496f20b5a45e727fdc2d07915ab0f865,2026-10-10T19:30:00Z,Notre Dame Fighting Irish,Stanford Cardinal,draftkings,DraftKings,2026-10-04T07:16:00Z,2026-10-04T07:16:00Z,Notre Dame Fighting Irish,-35.5,-110.0,2026,2026-10-04T07:16:52Z,1616,18.426130476470085,-7.692882382112573,28.619012858582657,530648e15edd8347df0ab4a4bd7f9b4f4425bf26330475515b2efc791208883f,timestamped_live_quote,FBS vs FBS
2026-10-04T07:16:52Z,496f20b5a45e727fdc2d07915ab0f865,2026-10-10T19:30:00Z,Notre Dame Fighting Irish,Stanford Cardinal,draftkings,DraftKings,2026-10-04T07:16:00Z,2026-10-04T07:16:00Z,Stanford Cardinal,35.5,-110.0,2026,2026-10-04T07:16:52Z,1616,18.426130476470085,-7.692882382112573,28.619012858582657,530648e15edd8347df0ab4a4bd7f9b4f4425bf26330475515b2efc791208883f,timestamped_live_quote,FBS vs FBS
2026-10-04T07:16:52Z,496f20b5a45e727fdc2d07915ab0f865,2026-10-10T19:30:00Z,Notre Dame Fighting Irish,Stanford Cardinal,fanduel,FanDuel,2026-10-04T07:16:44Z,2026-10-04T07:16:44Z,Notre Dame Fighting Irish,-36.5,-115.0,2026,2026-10-04T07:16:52Z,1616,18.426130476470085,-7.692882382112573,28.619012858582657,530648e15edd8347df0ab4a4bd7f9b4f4425bf26330475515b2efc791208883f,timestamped_live_quote,FBS vs FBS
2026-10-04T07:16:52Z,496f20b5a45e727fdc2d07915ab0f865,2026-10-10T19:30:00Z,Notre Dame Fighting Irish,Stanford Cardinal,fanduel,FanDuel,2026-10-04T07:16:44Z,2026-10-04T07:16:44Z,Stanford Cardinal,36.5,-105.0,2026,2026-10-04T07:16:52Z,1616,18.426130476470085,-7.692882382112573,28.619012858582657,530648e15edd8347df0ab4a4bd7f9b4f4425bf26330475515b2efc791208883f,timestamped_live_quote,FBS vs FBS
2026-10-04T07:16:52Z,82b83ec87fc2be5faa2e9f26ac50edef,2026-10-10T19:30:00Z,Oklahoma Sooners,Texas Longhorns,fanduel,FanDuel,2026-10-04T07:16:44Z,2026-10-04T07:16:44Z,Oklahoma Sooners,7.5,-108.0,2026,2026-10-04T07:16:52Z,1616,6.7299697574207045,14.573156620191908,-5.343186862771203,530648e15edd8347df0ab4a4bd7f9b4f4425bf26330475515b2efc791208883f,timestamped_live_quote,FBS vs FBS
2026-10-04T07:16:52Z,82b83ec87fc2be5faa2e9f26ac50edef,2026-10-10T19:30:00Z,Oklahoma Sooners,Texas Longhorns,fanduel,FanDuel,2026-10-04T07:16:44Z,2026-10-04T07:16:44Z,Texas Longhorns,-7.5,-112.0,2026,2026-10-04T07:16:52Z,1616,6.7299697574207045,14.573156620191908,-5.343186862771203,530648e15edd8347df0ab4a4bd7f9b4f4425bf26330475515b2efc791208883f,timestamped_live_quote,FBS vs FBS
2026-10-04T07:16:52Z,82b83ec87fc2be5faa2e9f26ac50edef,2026-10-10T19:30:00Z,Oklahoma Sooners,Texas Longhorns,betmgm,BetMGM,2026-10-04T07:15:32Z,2026-10-04T07:15:32Z,Oklahoma Sooners,8.0,-108.0,2026,2026-10-04T07:16:52Z,1616,6.7299697574207045,14.573156620191908,-5.343186862771203,530648e15edd8347df0ab4a4bd7f9b4f4425bf26330475515b2efc791208883f,timestamped_live_quote,FBS vs FBS
2026-10-04T07:16:52Z,82b83ec87fc2be5faa2e9f26ac50edef,2026-10-10T19:30:00Z,Oklahoma Sooners,Texas Longhorns,betmgm,BetMGM,2026-10-04T07:15:32Z,2026-10-04T07:15:32Z,Texas Longhorns,-8.0,-110.0,2026,2026-10-04T07:16:52Z,1616,6.7299697574207045,14.573156620191908,-5.343186862771203,530648e15edd8347df0ab4a4bd7f9b4f4425bf26330475515b2efc791208883f,timestamped_live_quote,FBS vs FBS
2026-10-04T07:16:52Z,82b83ec87fc2be5faa2e9f26ac50edef,2026-10-10T19:30:00Z,Oklahoma Sooners,Texas Longhorns,draftkings,DraftKings,2026-10-04T07:16:00Z,2026-10-04T07:16:00Z,Oklahoma Sooners,9.5,-115.0,2026,2026-10-04T07:16:52Z,1616,6.7299697574207045,14.573156620191908,-5.343186862771203,530648e15edd8347df0ab4a4bd7f9b4f4425bf26330475515b2efc791208883f,timestamped_live_quote,FBS vs FBS
2026-10-04T07:16:52Z,82b83ec87fc2be5faa2e9f26ac50edef,2026-10-10T19:30:00Z,Oklahoma Sooners,Texas Longhorns,draftkings,DraftKings,2026-10-04T07:16:00Z,2026-10-04T07:16:00Z,Texas Longhorns,-9.5,-105.0,2026,2026-10-04T07:16:52Z,1616,6.7299697574207045,14.573156620191908,-5.343186862771203,530648e15edd8347df0ab4a4bd7f9b4f4425bf26330475515b2efc791208883f,timestamped_live_quote,FBS vs FBS
2026-10-04T07:16:52Z,d9b77825d169fdd683f8efa7c1948a8e,2026-10-10T19:30:00Z,Vanderbilt Commodores,Ole Miss Rebels,fanduel,FanDuel,2026-10-04T07:16:44Z,2026-10-04T07:16:44Z,Ole Miss Rebels,-10.5,-115.0,2026,2026-10-04T07:16:52Z,1616,4.832186750855606,5.189260229646518,2.1429265212090884,530648e15edd8347df0ab4a4bd7f9b4f4425bf26330475515b2efc791208883f,timestamped_live_quote,FBS vs FBS
2026-10-04T07:16:52Z,d9b77825d169fdd683f8efa7c1948a8e,2026-10-10T19:30:00Z,Vanderbilt Commodores,Ole Miss Rebels,fanduel,FanDuel,2026-10-04T07:16:44Z,2026-10-04T07:16:44Z,Vanderbilt Commodores,10.5,-105.0,2026,2026-10-04T07:16:52Z,1616,4.832186750855606,5.189260229646518,2.1429265212090884,530648e15edd8347df0ab4a4bd7f9b4f4425bf26330475515b2efc791208883f,timestamped_live_quote,FBS vs FBS
2026-10-04T07:16:52Z,d9b77825d169fdd683f8efa7c1948a8e,2026-10-10T19:30:00Z,Vanderbilt Commodores,Ole Miss Rebels,draftkings,DraftKings,2026-10-04T07:16:00Z,2026-10-04T07:16:00Z,Ole Miss Rebels,-10.5,-110.0,2026,2026-10-04T07:16:52Z,1616,4.832186750855606,5.189260229646518,2.1429265212090884,530648e15edd8347df0ab4a4bd7f9b4f4425bf26330475515b2efc791208883f,timestamped_live_quote,FBS vs FBS
2026-10-04T07:16:52Z,d9b77825d169fdd683f8efa7c1948a8e,2026-10-10T19:30:00Z,Vanderbilt Commodores,Ole Miss Rebels,draftkings,DraftKings,2026-10-04T07:16:00Z,2026-10-04T07:16:00Z,Vanderbilt Commodores,10.5,-110.0,2026,2026-10-04T07:16:52Z,1616,4.832186750855606,5.189260229646518,2.1429265212090884,530648e15edd8347df0ab4a4bd7f9b4f4425bf26330475515b2efc791208883f,timestamped_live_quote,FBS vs FBS
2026-10-04T07:16:52Z,3ad908e99942c191b72d855b6f1b508f,2026-10-10T19:30:00Z,Oregon Ducks,UCLA Bruins,fanduel,FanDuel,2026-10-04T07:16:44Z,2026-10-04T07:16:44Z,Oregon Ducks,-12.5,-105.0,2026,2026-10-04T07:16:52Z,1616,14.089812477028948,13.80008217707887,2.7897302999500777,530648e15edd8347df0ab4a4bd7f9b4f4425bf26330475515b2efc791208883f,timestamped_live_quote,FBS vs FBS
2026-10-04T07:16:52Z,3ad908e99942c191b72d855b6f1b508f,2026-10-10T19:30:00Z,Oregon Ducks,UCLA Bruins,fanduel,FanDuel,2026-10-04T07:16:44Z,2026-10-04T07:16:44Z,UCLA Bruins,12.5,-115.0,2026,2026-10-04T07:16:52Z,1616,14.089812477028948,13.80008217707887,2.7897302999500777,530648e15edd8347df0ab4a4bd7f9b4f4425bf26330475515b2efc791208883f,timestamped_live_quote,FBS vs FBS
2026-10-04T07:16:52Z,3ad908e99942c191b72d855b6f1b508f,2026-10-10T19:30:00Z,Oregon Ducks,UCLA Bruins,draftkings,DraftKings,2026-10-04T07:16:00Z,2026-10-04T07:16:00Z,Oregon Ducks,-12.5,-110.0,2026,2026-10-04T07:16:52Z,1616,14.089812477028948,13.80008217707887,2.7897302999500777,530648e15edd8347df0ab4a4bd7f9b4f4425bf26330475515b2efc791208883f,timestamped_live_quote,FBS vs FBS
2026-10-04T07:16:52Z,3ad908e99942c191b72d855b6f1b508f,2026-10-10T19:30:00Z,Oregon Ducks,UCLA Bruins,draftkings,DraftKings,2026-10-04T07:16:00Z,2026-10-04T07:16:00Z,UCLA Bruins,12.5,-110.0,2026,2026-10-04T07:16:52Z,1616,14.089812477028948,13.80008217707887,2.7897302999500777,530648e15edd8347df0ab4a4bd7f9b4f4425bf26330475515b2efc791208883f,timestamped_live_quote,FBS vs FBS
2026-10-04T07:16:52Z,3ad908e99942c191b72d855b6f1b508f,2026-10-10T19:30:00Z,Oregon Ducks,UCLA Bruins,betmgm,BetMGM,2026-10-04T07:15:32Z,2026-10-04T07:15:32Z,Oregon Ducks,-12.0,-110.0,2026,2026-10-04T07:16:52Z,1616,14.089812477028948,13.80008217707887,2.7897302999500777,530648e15edd8347df0ab4a4bd7f9b4f4425bf26330475515b2efc791208883f,timestamped_live_quote,FBS vs FBS
2026-10-04T07:16:52Z,3ad908e99942c191b72d855b6f1b508f,2026-10-10T19:30:00Z,Oregon Ducks,UCLA Bruins,betmgm,BetMGM,2026-10-04T07:15:32Z,2026-10-04T07:15:32Z,UCLA Bruins,12.0,-110.0,2026,2026-10-04T07:16:52Z,1616,14.089812477028948,13.80008217707887,2.7897302999500777,530648e15edd8347df0ab4a4bd7f9b4f4425bf26330475515b2efc791208883f,timestamped_live_quote,FBS vs FBS
2026-10-04T07:16:52Z,0dd06b09349f56ce8dfc2d61d5fcd042,2026-10-10T20:15:00Z,Arkansas Razorbacks,Tennessee Volunteers,fanduel,FanDuel,2026-10-04T07:16:44Z,2026-10-04T07:16:44Z,Arkansas Razorbacks,14.5,-114.0,2026,2026-10-04T07:16:52Z,1616,0.7483576597156503,13.827633307115862,-10.579275647400213,530648e15edd8347df0ab4a4bd7f9b4f4425bf26330475515b2efc791208883f,timestamped_live_quote,FBS vs FBS
2026-10-04T07:16:52Z,0dd06b09349f56ce8dfc2d61d5fcd042,2026-10-10T20:15:00Z,Arkansas Razorbacks,Tennessee Volunteers,fanduel,FanDuel,2026-10-04T07:16:44Z,2026-10-04T07:16:44Z,Tennessee Volunteers,-14.5,-106.0,2026,2026-10-04T07:16:52Z,1616,0.7483576597156503,13.827633307115862,-10.579275647400213,530648e15edd8347df0ab4a4bd7f9b4f4425bf26330475515b2efc791208883f,timestamped_live_quote,FBS vs FBS
2026-10-04T07:16:52Z,031164b8d704599d8023a3e104f9a6c0,2026-10-10T20:15:00Z,Ohio State Buckeyes,Maryland Terrapins,draftkings,DraftKings,2026-10-04T07:16:00Z,2026-10-04T07:16:00Z,Maryland Terrapins,35.5,-110.0,2026,2026-10-04T07:16:52Z,1616,17.95994837263471,3.4284838263935233,17.031464546241185,530648e15edd8347df0ab4a4bd7f9b4f4425bf26330475515b2efc791208883f,timestamped_live_quote,FBS vs FBS
2026-10-04T07:16:52Z,031164b8d704599d8023a3e104f9a6c0,2026-10-10T20:15:00Z,Ohio State Buckeyes,Maryland Terrapins,draftkings,DraftKings,2026-10-04T07:16:00Z,2026-10-04T07:16:00Z,Ohio State Buckeyes,-35.5,-110.0,2026,2026-10-04T07:16:52Z,1616,17.95994837263471,3.4284838263935233,17.031464546241185,530648e15edd8347df0ab4a4bd7f9b4f4425bf26330475515b2efc791208883f,timestamped_live_quote,FBS vs FBS
2026-10-04T07:16:52Z,031164b8d704599d8023a3e104f9a6c0,2026-10-10T20:15:00Z,Ohio State Buckeyes,Maryland Terrapins,fanduel,FanDuel,2026-10-04T07:16:44Z,2026-10-04T07:16:44Z,Maryland Terrapins,35.5,-105.0,2026,2026-10-04T07:16:52Z,1616,17.95994837263471,3.4284838263935233,17.031464546241185,530648e15edd8347df0ab4a4bd7f9b4f4425bf26330475515b2efc791208883f,timestamped_live_quote,FBS vs FBS
2026-10-04T07:16:52Z,031164b8d704599d8023a3e104f9a6c0,2026-10-10T20:15:00Z,Ohio State Buckeyes,Maryland Terrapins,fanduel,FanDuel,2026-10-04T07:16:44Z,2026-10-04T07:16:44Z,Ohio State Buckeyes,-35.5,-115.0,2026,2026-10-04T07:16:52Z,1616,17.95994837263471,3.4284838263935233,17.031464546241185,530648e15edd8347df0ab4a4bd7f9b4f4425bf26330475515b2efc791208883f,timestamped_live_quote,FBS vs FBS
2026-10-04T07:16:52Z,bdfaffbf5873812f3e04de2cbd273aa6,2026-10-10T23:00:00Z,Kentucky Wildcats,LSU Tigers,draftkings,DraftKings,2026-10-04T07:16:00Z,2026-10-04T07:16:00Z,Kentucky Wildcats,9.5,-110.0,2026,2026-10-04T07:16:52Z,1616,9.452256077690908,17.296833863903124,-5.344577786212216,530648e15edd8347df0ab4a4bd7f9b4f4425bf26330475515b2efc791208883f,timestamped_live_quote,FBS vs FBS
2026-10-04T07:16:52Z,bdfaffbf5873812f3e04de2cbd273aa6,2026-10-10T23:00:00Z,Kentucky Wildcats,LSU Tigers,draftkings,DraftKings,2026-10-04T07:16:00Z,2026-10-04T07:16:00Z,LSU Tigers,-9.5,-110.0,2026,2026-10-04T07:16:52Z,1616,9.452256077690908,17.296833863903124,-5.344577786212216,530648e15edd8347df0ab4a4bd7f9b4f4425bf26330475515b2efc791208883f,timestamped_live_quote,FBS vs FBS
2026-10-04T07:16:52Z,bdfaffbf5873812f3e04de2cbd273aa6,2026-10-10T23:00:00Z,Kentucky Wildcats,LSU Tigers,fanduel,FanDuel,2026-10-04T07:16:44Z,2026-10-04T07:16:44Z,Kentucky Wildcats,10.5,-122.0,2026,2026-10-04T07:16:52Z,1616,9.452256077690908,17.296833863903124,-5.344577786212216,530648e15edd8347df0ab4a4bd7f9b4f4425bf26330475515b2efc791208883f,timestamped_live_quote,FBS vs FBS
2026-10-04T07:16:52Z,bdfaffbf5873812f3e04de2cbd273aa6,2026-10-10T23:00:00Z,Kentucky Wildcats,LSU Tigers,fanduel,FanDuel,2026-10-04T07:16:44Z,2026-10-04T07:16:44Z,LSU Tigers,-10.5,100.0,2026,2026-10-04T07:16:52Z,1616,9.452256077690908,17.296833863903124,-5.344577786212216,530648e15edd8347df0ab4a4bd7f9b4f4425bf26330475515b2efc791208883f,timestamped_live_quote,FBS vs FBS
2026-10-04T07:16:52Z,59f8c98dee8ce77cc17c5b4958e4f325,2026-10-10T23:30:00Z,Alabama Crimson Tide,Georgia Bulldogs,fanduel,FanDuel,2026-10-04T07:16:44Z,2026-10-04T07:16:44Z,Alabama Crimson Tide,1.5,-110.0,2026,2026-10-04T07:16:52Z,1616,19.951858330551577,20.183883676506458,2.267974654045119,530648e15edd8347df0ab4a4bd7f9b4f4425bf26330475515b2efc791208883f,timestamped_live_quote,FBS vs FBS
2026-10-04T07:16:52Z,59f8c98dee8ce77cc17c5b4958e4f325,2026-10-10T23:30:00Z,Alabama Crimson Tide,Georgia Bulldogs,fanduel,FanDuel,2026-10-04T07:16:44Z,2026-10-04T07:16:44Z,Georgia Bulldogs,-1.5,-110.0,2026,2026-10-04T07:16:52Z,1616,19.951858330551577,20.183883676506458,2.267974654045119,530648e15edd8347df0ab4a4bd7f9b4f4425bf26330475515b2efc791208883f,timestamped_live_quote,FBS vs FBS
2026-10-04T07:16:52Z,59f8c98dee8ce77cc17c5b4958e4f325,2026-10-10T23:30:00Z,Alabama Crimson Tide,Georgia Bulldogs,betmgm,BetMGM,2026-10-04T07:15:32Z,2026-10-04T07:15:32Z,Alabama Crimson Tide,1.5,-108.0,2026,2026-10-04T07:16:52Z,1616,19.951858330551577,20.183883676506458,2.267974654045119,530648e15edd8347df0ab4a4bd7f9b4f4425bf26330475515b2efc791208883f,timestamped_live_quote,FBS vs FBS
2026-10-04T07:16:52Z,59f8c98dee8ce77cc17c5b4958e4f325,2026-10-10T23:30:00Z,Alabama Crimson Tide,Georgia Bulldogs,betmgm,BetMGM,2026-10-04T07:15:32Z,2026-10-04T07:15:32Z,Georgia Bulldogs,-1.5,-110.0,2026,2026-10-04T07:16:52Z,1616,19.951858330551577,20.183883676506458,2.267974654045119,530648e15edd8347df0ab4a4bd7f9b4f4425bf26330475515b2efc791208883f,timestamped_live_quote,FBS vs FBS
2026-10-04T07:16:52Z,59f8c98dee8ce77cc17c5b4958e4f325,2026-10-10T23:30:00Z,Alabama Crimson Tide,Georgia Bulldogs,draftkings,DraftKings,2026-10-04T07:16:00Z,2026-10-04T07:16:00Z,Alabama Crimson Tide,2.5,-115.0,2026,2026-10-04T07:16:52Z,1616,19.951858330551577,20.183883676506458,2.267974654045119,530648e15edd8347df0ab4a4bd7f9b4f4425bf26330475515b2efc791208883f,timestamped_live_quote,FBS vs FBS
2026-10-04T07:16:52Z,59f8c98dee8ce77cc17c5b4958e4f325,2026-10-10T23:30:00Z,Alabama Crimson Tide,Georgia Bulldogs,draftkings,DraftKings,2026-10-04T07:16:00Z,2026-10-04T07:16:00Z,Georgia Bulldogs,-2.5,-105.0,2026,2026-10-04T07:16:52Z,1616,19.951858330551577,20.183883676506458,2.267974654045119,530648e15edd8347df0ab4a4bd7f9b4f4425bf26330475515b2efc791208883f,timestamped_live_quote,FBS vs FBS
2026-10-04T07:16:52Z,f7b49f43b10f581d991954dae86b9aa5,2026-10-10T23:30:00Z,Virginia Cavaliers,Syracuse Orange,fanduel,FanDuel,2026-10-04T07:16:44Z,2026-10-04T07:16:44Z,Syracuse Orange,6.5,-102.0,2026,2026-10-04T07:16:52Z,1616,10.57833658465188,7.4357073935669264,5.642629191084954,530648e15edd8347df0ab4a4bd7f9b4f4425bf26330475515b2efc791208883f,timestamped_live_quote,FBS vs FBS
2026-10-04T07:16:52Z,f7b49f43b10f581d991954dae86b9aa5,2026-10-10T23:30:00Z,Virginia Cavaliers,Syracuse Orange,fanduel,FanDuel,2026-10-04T07:16:44Z,2026-10-04T07:16:44Z,Virginia Cavaliers,-6.5,-120.0,2026,2026-10-04T07:16:52Z,1616,10.57833658465188,7.4357073935669264,5.642629191084954,530648e15edd8347df0ab4a4bd7f9b4f4425bf26330475515b2efc791208883f,timestamped_live_quote,FBS vs FBS
2026-10-04T07:16:52Z,234d9123fdc010716a5a844efaf7ab43,2026-10-11T00:00:00Z,Purdue Boilermakers,Minnesota Golden Gophers,fanduel,FanDuel,2026-10-04T07:16:44Z,2026-10-04T07:16:44Z,Minnesota Golden Gophers,-4.5,-110.0,2026,2026-10-04T07:16:52Z,1616,1.9976173445739445,7.344259300925013,-2.8466419563510685,530648e15edd8347df0ab4a4bd7f9b4f4425bf26330475515b2efc791208883f,timestamped_live_quote,FBS vs FBS
2026-10-04T07:16:52Z,234d9123fdc010716a5a844efaf7ab43,2026-10-11T00:00:00Z,Purdue Boilermakers,Minnesota Golden Gophers,fanduel,FanDuel,2026-10-04T07:16:44Z,2026-10-04T07:16:44Z,Purdue Boilermakers,4.5,-110.0,2026,2026-10-04T07:16:52Z,1616,1.9976173445739445,7.344259300925013,-2.8466419563510685,530648e15edd8347df0ab4a4bd7f9b4f4425bf26330475515b2efc791208883f,timestamped_live_quote,FBS vs FBS
2026-10-04T07:16:52Z,616eba68e65fe65023aa2335e81096c8,2026-10-11T02:15:00Z,Utah Utes,Kansas Jayhawks,fanduel,FanDuel,2026-10-04T07:16:44Z,2026-10-04T07:16:44Z,Kansas Jayhawks,14.5,-112.0,2026,2026-10-04T07:16:52Z,1616,16.297639038360646,9.08835914719986,9.709279891160786,530648e15edd8347df0ab4a4bd7f9b4f4425bf26330475515b2efc791208883f,timestamped_live_quote,FBS vs FBS
2026-10-04T07:16:52Z,616eba68e65fe65023aa2335e81096c8,2026-10-11T02:15:00Z,Utah Utes,Kansas Jayhawks,fanduel,FanDuel,2026-10-04T07:16:44Z,2026-10-04T07:16:44Z,Utah Utes,-14.5,-108.0,2026,2026-10-04T07:16:52Z,1616,16.297639038360646,9.08835914719986,9.709279891160786,530648e15edd8347df0ab4a4bd7f9b4f4425bf26330475515b2efc791208883f,timestamped_live_quote,FBS vs FBS
2026-10-04T07:16:52Z,c4db3412210ed8e1045807c73f69b377,2026-10-11T02:30:00Z,Fresno State Bulldogs,Boise State Broncos,fanduel,FanDuel,2026-10-04T07:16:44Z,2026-10-04T07:16:44Z,Boise State Broncos,-10.5,-110.0,2026,2026-10-04T07:16:52Z,1616,4.6914790865603,10.93731865114089,-3.7458395645805895,530648e15edd8347df0ab4a4bd7f9b4f4425bf26330475515b2efc791208883f,timestamped_live_quote,FBS vs FBS
2026-10-04T07:16:52Z,c4db3412210ed8e1045807c73f69b377,2026-10-11T02:30:00Z,Fresno State Bulldogs,Boise State Broncos,fanduel,FanDuel,2026-10-04T07:16:44Z,2026-10-04T07:16:44Z,Fresno State Bulldogs,10.5,-110.0,2026,2026-10-04T07:16:52Z,1616,4.6914790865603,10.93731865114089,-3.7458395645805895,530648e15edd8347df0ab4a4bd7f9b4f4425bf26330475515b2efc791208883f,timestamped_live_quote,FBS vs FBS
