season,game_id,kickoff_utc,home_team,away_team,division_status,home_canonical,away_canonical
2026,d9a781a64fc2c4b45290db32b5ec3f20,2026-09-25T20:00:00Z,Temple Owls,Army Black Knights,FBS vs FBS,temple,army
2026,36f0cf10805eed69c78f80697f766cc0,2026-09-25T23:00:00Z,Rutgers Scarlet Knights,Howard Bison,Unverified division / FCS: model suppressed,rutgers scarlet knights,howard bison
2026,2e454a12c5301843ab7ec1a1eaf4f237,2026-09-25T23:00:00Z,UAB Blazers,Navy Midshipmen,FBS vs FBS,uab,navy
2026,775ad63a769838c1e1da423293c9c60d,2026-09-26T00:00:00Z,Indiana Hoosiers,Northwestern Wildcats,FBS vs FBS,indiana hoosiers,northwestern wildcats
2026,48683523200ecdbeb09a2e6eb0d0a1f7,2026-09-26T02:30:00Z,California Golden Bears,Clemson Tigers,FBS vs FBS,california golden bears,clemson tigers
2026,11ea90adf014a268d12caa9978b05bd8,2026-09-26T16:00:00Z,Akron Zips,UNLV Rebels,FBS vs FBS,akron zips,unlv
2026,90cacdc25f25e1f13b13e031a7fee9b7,2026-09-26T16:00:00Z,Baylor Bears,Colorado Buffaloes,FBS vs FBS,baylor bears,colorado buffaloes
2026,9d564a10d7bc7b546b2b0cf4ec3c589e,2026-09-26T16:00:00Z,Boston College Eagles,Virginia Tech Hokies,FBS vs FBS,boston college eagles,virginia tech hokies
2026,a14ae60e9aac7b91d0acbdae745873b4,2026-09-26T16:00:00Z,Kent State Golden Flashes,Ball State Cardinals,FBS vs FBS,kent state,ball state
2026,f6b6590d0b66bbb4fcbb391289794963,2026-09-26T16:00:00Z,Louisville Cardinals,Wake Forest Demon Deacons,FBS vs FBS,louisville cardinals,wake forest demon deacons
2026,6de44361bd6b6afc20b9bbefcc219f2a,2026-09-26T16:00:00Z,Ohio State Buckeyes,Illinois Fighting Illini,FBS vs FBS,ohio state,illinois fighting illini
2026,0224670d32f98caf247dd7d7ffaa6ee6,2026-09-26T16:00:00Z,Pittsburgh Panthers,Bucknell Bison,Unverified division / FCS: model suppressed,pittsburgh panthers,bucknell bison
2026,69b1a0ff5fb2c67c6627b5c8cf8368cb,2026-09-26T16:00:00Z,Tennessee Volunteers,Texas Longhorns,FBS vs FBS,tennessee,texas
2026,5c60d6ce348eae3327bc83534dd7522b,2026-09-26T16:00:00Z,Texas Tech Red Raiders,Sam Houston State Bearkats,FBS vs FBS,texas tech red raiders,sam houston state bearkats
2026,e257aae5483bbfc89e2c570fc9304e1c,2026-09-26T16:00:00Z,Toledo Rockets,San Diego State Aztecs,FBS vs FBS,toledo rockets,san diego state aztecs
2026,fb1e2c999364a411be347389aec1d827,2026-09-26T16:00:00Z,UTSA Roadrunners,Colorado State Rams,FBS vs FBS,utsa,colorado state rams
2026,11c5e9c2cf899388abd0dae30ea71db9,2026-09-26T16:45:00Z,Kentucky Wildcats,South Alabama Jaguars,FBS vs FBS,kentucky wildcats,south alabama jaguars
2026,145de4ffc7429aeb39cab1b17c223743,2026-09-26T17:00:00Z,Eastern Michigan Eagles,Lindenwood Lions,Unverified division / FCS: model suppressed,eastern michigan eagles,lindenwood lions
2026,c48f042c91328d4d0c6351fc82286879,2026-09-26T17:30:00Z,Maryland Terrapins,UCLA Bruins,FBS vs FBS,maryland,ucla
2026,24fb2d1fd0598bde048322b6463e0c78,2026-09-26T18:00:00Z,Georgia State Panthers,Northern Illinois Huskies,FBS vs FBS,georgia state panthers,northern illinois huskies
2026,bf2cffa30d89eb2ce1b4d0f91561f66d,2026-09-26T18:00:00Z,Purdue Boilermakers,Notre Dame Fighting Irish,FBS vs FBS,purdue boilermakers,notre dame
2026,752cd9cc9331543601fd37f21b8c7430,2026-09-26T19:00:00Z,Florida State Seminoles,Central Arkansas Bears,Unverified division / FCS: model suppressed,florida state seminoles,central arkansas bears
2026,fc7c77e060e8ba29a61de994be1497c0,2026-09-26T19:00:00Z,Wyoming Cowboys,Hawaii Rainbow Warriors,FBS vs FBS,wyoming cowboys,hawaii
2026,cb572f5b26d6a57bdac171baff0aec1c,2026-09-26T19:30:00Z,Buffalo Bulls,Robert Morris Colonials,Unverified division / FCS: model suppressed,buffalo bulls,robert morris colonials
2026,e7aa82b55e371e67938eb4c52562f155,2026-09-26T19:30:00Z,Duke Blue Devils,William and Mary Tribe,Unverified division / FCS: model suppressed,duke,william and mary
2026,886538e98f0884df3d655d9d2d2ca567,2026-09-26T19:30:00Z,Florida Gators,Ole Miss Rebels,FBS vs FBS,florida gators,ole miss
2026,3848eaee7484034f3604aed922649c4e,2026-09-26T19:30:00Z,Georgia Bulldogs,Oklahoma Sooners,FBS vs FBS,georgia,oklahoma sooners
2026,0dcea769daace0b6c76434589c639b11,2026-09-26T19:30:00Z,Iowa State Cyclones,Utah Utes,FBS vs FBS,iowa state,utah
2026,3085dd56723d1a49474711989dcda5bd,2026-09-26T19:30:00Z,Marshall Thundering Herd,Gardner-Webb Runnin Bulldogs,Unverified division / FCS: model suppressed,marshall thundering herd,gardner webb runnin bulldogs
2026,b77eb4a9bc3086105491e736c1458112,2026-09-26T19:30:00Z,Miami (OH) RedHawks,UConn Huskies,FBS vs FBS,miami oh redhawks,uconn
2026,39a3d3075172036a2b3f7d47913779b8,2026-09-26T19:30:00Z,Michigan Wolverines,Iowa Hawkeyes,FBS vs FBS,michigan,iowa
2026,9fe2a7b54748dc10ff57743cdd1b041c,2026-09-26T19:30:00Z,New Mexico State Aggies,New Mexico Lobos,FBS vs FBS,new mexico state aggies,new mexico lobos
2026,de2c67844370661f124fd07aef585366,2026-09-26T19:30:00Z,Ohio Bobcats,Stonehill Skyhawks,Unverified division / FCS: model suppressed,ohio,stonehill
2026,32171e03f5df71b5c9057bcba40030a7,2026-09-26T19:30:00Z,UCF Knights,TCU Horned Frogs,FBS vs FBS,ucf,tcu
2026,f0985218c2ed146bb0295c4e9c4a0dd7,2026-09-26T19:30:00Z,Western Michigan Broncos,Boise State Broncos,FBS vs FBS,western michigan broncos,boise state broncos
2026,e3228af38572d15da53fab3ec97742a2,2026-09-26T20:00:00Z,East Carolina Pirates,North Carolina Central Eagles,FBS vs FBS,east carolina pirates,north carolina central eagles
2026,b1cdf3ac97be67ee00a53e437e4bfa78,2026-09-26T20:00:00Z,Georgia Southern Eagles,Houston Cougars,FBS vs FBS,georgia southern eagles,houston cougars
2026,edf8d3e3699aa5cb34c50ac7de992d37,2026-09-26T20:15:00Z,Auburn Tigers,Vanderbilt Commodores,FBS vs FBS,auburn,vanderbilt commodores
2026,10078e86207d952986707c1ad7dc9331,2026-09-26T21:00:00Z,Bowling Green Falcons,South Florida Bulls,FBS vs FBS,bowling green falcons,south florida bulls
2026,023386f1b92db2259c7d52b2f244182f,2026-09-26T21:00:00Z,Michigan State Spartans,Nebraska Cornhuskers,FBS vs FBS,michigan state,nebraska
2026,9c5cf55e5371dd6178da97dcaef2bff5,2026-09-26T21:00:00Z,Penn State Nittany Lions,Wisconsin Badgers,FBS vs FBS,penn state,wisconsin badgers
2026,520a355fd43b2cfb7aed527eee4345e0,2026-09-26T22:00:00Z,Florida International Panthers,LIU Sharks,Unverified division / FCS: model suppressed,fiu,liu
2026,008dd61e19c2456760593773da6a88ef,2026-09-26T22:00:00Z,Old Dominion Monarchs,James Madison Dukes,FBS vs FBS,old dominion monarchs,james madison dukes
2026,ed1c259773ba7494570a1611b44adb30,2026-09-26T22:00:00Z,Texas State Bobcats,Incarnate Word Cardinals,Unverified division / FCS: model suppressed,texas state bobcats,incarnate word cardinals
2026,ce4578738432ad6327f4e3a4909ddcb5,2026-09-26T22:00:00Z,Virginia Cavaliers,Delaware Blue Hens,FBS vs FBS,virginia cavaliers,delaware blue hens
2026,c80f5f34b99b9346f4e40cf5304d941d,2026-09-26T22:30:00Z,Charlotte 49ers,Louisiana Ragin Cajuns,FBS vs FBS,charlotte 49ers,louisiana
2026,1f0c9cd1941cbfe5c5ca28fa42e387d8,2026-09-26T22:30:00Z,Miami Hurricanes,Central Michigan Chippewas,FBS vs FBS,miami,central michigan chippewas
2026,c843a3f97a410eedafcfbad440774ad2,2026-09-26T23:00:00Z,Alabama Crimson Tide,South Carolina Gamecocks,FBS vs FBS,alabama,south carolina gamecocks
2026,77c3435e651e2d615870c2c25c8dbf71,2026-09-26T23:00:00Z,Arkansas State Red Wolves,Kennesaw State Owls,FBS vs FBS,arkansas state red wolves,kennesaw state owls
2026,058628758b85b178ffc5fa09416f3991,2026-09-26T23:00:00Z,Cincinnati Bearcats,Kansas State Wildcats,FBS vs FBS,cincinnati bearcats,kansas state wildcats
2026,fe0fb2e29062d93898ebdd583329194d,2026-09-26T23:00:00Z,Jacksonville State Gamecocks,Middle Tennessee Blue Raiders,FBS vs FBS,jacksonville state gamecocks,middle tennessee
2026,3281b4e05dfe8a0a41afe9868a9094fa,2026-09-26T23:00:00Z,Tulane Green Wave,Southern Mississippi Golden Eagles,FBS vs FBS,tulane green wave,southern miss
2026,6c95114d806556a04a0d719e62c042d7,2026-09-26T23:00:00Z,West Virginia Mountaineers,Oklahoma State Cowboys,FBS vs FBS,west virginia mountaineers,oklahoma state cowboys
2026,4d7e7ede70991b52414228a5fd0b303d,2026-09-26T23:00:00Z,Western Kentucky Hilltoppers,Mercyhurst Lakers,Unverified division / FCS: model suppressed,western kentucky hilltoppers,mercyhurst lakers
2026,0c71c3230f930f30ac34160b38dbbaf0,2026-09-26T23:30:00Z,LSU Tigers,Texas A&M Aggies,FBS vs FBS,lsu,texas a and m aggies
2026,d4cee1a13bc1d87828ec7809d56b9496,2026-09-26T23:30:00Z,NC State Wolfpack,Appalachian State Mountaineers,FBS vs FBS,nc state,appalachian state
2026,bbaf150e48844a489d679cb09de02aa9,2026-09-26T23:30:00Z,North Texas Mean Green,Houston Baptist Huskies,FBS vs FBS,north texas mean green,houston baptist huskies
2026,83516ad7ba3e8ef9f90498cfcaf10eb5,2026-09-26T23:30:00Z,USC Trojans,Oregon Ducks,FBS vs FBS,usc,oregon ducks
2026,dbc89703b51acf3b8818134a1a2a0dc2,2026-09-26T23:30:00Z,Utah State Aggies,Troy Trojans,FBS vs FBS,utah state,troy
2026,b8ee197b0b6ebb070f0f4b4a94a31bae,2026-09-26T23:30:00Z,Washington State Cougars,Arizona Wildcats,FBS vs FBS,washington state,arizona
2026,f154381c89953d3b0bd409a6bc4e28a6,2026-09-26T23:45:00Z,Mississippi State Bulldogs,Missouri Tigers,FBS vs FBS,mississippi state,missouri tigers
2026,891673ae39457f51a701ca482c2f7280,2026-09-27T00:00:00Z,Arkansas Razorbacks,Tulsa Golden Hurricane,FBS vs FBS,arkansas razorbacks,tulsa golden hurricane
2026,8fd491e65439f5d6b6a1edc9da7f036b,2026-09-27T00:00:00Z,UL Monroe Warhawks,Florida Atlantic Owls,FBS vs FBS,ul monroe warhawks,florida atlantic
2026,4d76388c84fc859e6bae8ff267266872,2026-09-27T01:00:00Z,SMU Mustangs,Missouri State Bears,FBS vs FBS,smu,missouri state bears
2026,dc2fd7526ea0bba9adc09a5627b637bf,2026-09-27T01:00:00Z,Sacramento State Hornets,UMass Minutemen,Unverified division / FCS: model suppressed,sacramento state hornets,umass
2026,a48c4a759a03a93bf42e23d2f8bf769e,2026-09-27T01:00:00Z,UTEP Miners,Oregon State Beavers,FBS vs FBS,utep,oregon state
2026,271438149d3f0afb2ff01736101b5e20,2026-09-27T02:00:00Z,Fresno State Bulldogs,Rice Owls,FBS vs FBS,fresno state,rice
2026,e972bb2c0291b991de32cc0188c9d338,2026-09-27T02:30:00Z,Nevada Wolf Pack,Air Force Falcons,FBS vs FBS,nevada,air force
2026,0c86537a10b805d25a4ab4f4efdd4c30,2026-09-27T02:30:00Z,Stanford Cardinal,Georgia Tech Yellow Jackets,FBS vs FBS,stanford cardinal,georgia tech yellow jackets
2026,e497e36c59bded468da11878568e7c80,2026-09-27T03:00:00Z,Washington Huskies,Minnesota Golden Gophers,FBS vs FBS,washington huskies,minnesota golden gophers
2026,e61c74f0e28b46ad83270a6234b425f4,2026-10-02T23:00:00Z,Virginia Tech Hokies,Pittsburgh Panthers,FBS vs FBS,virginia tech hokies,pittsburgh panthers
2026,0469a451e58ca81723a7760d4bede173,2026-10-03T00:00:00Z,Northwestern Wildcats,Penn State Nittany Lions,FBS vs FBS,northwestern wildcats,penn state
2026,932c7f6dfe06be77192fe000e9f3ac9d,2026-10-03T16:00:00Z,Clemson Tigers,Miami Hurricanes,FBS vs FBS,clemson tigers,miami
2026,46e1be6476ed577d1b5194b46b27c643,2026-10-03T16:00:00Z,Georgia Bulldogs,Vanderbilt Commodores,FBS vs FBS,georgia,vanderbilt commodores
2026,a2f01448219e39fd44e3d98ea5c7f482,2026-10-03T16:00:00Z,Minnesota Golden Gophers,Michigan Wolverines,FBS vs FBS,minnesota golden gophers,michigan
2026,6b22daf46195be6b3748584efe89dac1,2026-10-03T16:00:00Z,Mississippi State Bulldogs,Alabama Crimson Tide,FBS vs FBS,mississippi state,alabama
2026,a77fd3143159a9d16a75685528d9960b,2026-10-03T16:00:00Z,NC State Wolfpack,Louisville Cardinals,FBS vs FBS,nc state,louisville cardinals
2026,2b8db5053d533b488c0d76f49382d219,2026-10-03T16:00:00Z,North Carolina Tar Heels,Notre Dame Fighting Irish,FBS vs FBS,north carolina tar heels,notre dame
2026,b163da8a283ade5bd6428a3ca01da8b8,2026-10-03T19:30:00Z,Iowa Hawkeyes,Ohio State Buckeyes,FBS vs FBS,iowa,ohio state
2026,6d39ea01c532535edf756b8086656518,2026-10-03T19:30:00Z,Missouri Tigers,Florida Gators,FBS vs FBS,missouri tigers,florida gators
2026,f2defdeeb6cb3aa4a86b01a7a5b1ece4,2026-10-03T19:30:00Z,Tennessee Volunteers,Auburn Tigers,FBS vs FBS,tennessee,auburn
2026,59abc1d6262d2ea6a72c4daad4c83af2,2026-10-03T20:15:00Z,South Carolina Gamecocks,Kentucky Wildcats,FBS vs FBS,south carolina gamecocks,kentucky wildcats
2026,b58c0d24e66471e6095c0a5f9afb7ce3,2026-10-03T23:00:00Z,TCU Horned Frogs,BYU Cougars,FBS vs FBS,tcu,byu
2026,f981648dba0e71d8517d47d31aa2633d,2026-10-03T23:30:00Z,USC Trojans,Washington Huskies,FBS vs FBS,usc,washington huskies
