season,game_id,kickoff_utc,home_team,away_team,sportsbook_key,selection,spread,american_odds,captured_at_utc,market_last_update_utc,projected_home_margin,actual_home_margin,selection_result,one_unit_profit,cfbd_game_id
2026,d9a781a64fc2c4b45290db32b5ec3f20,2026-09-25T20:00:00Z,Temple Owls,Army Black Knights,fanduel,Army Black Knights,-3.5,-115.0,2026-09-25T17:25:56Z,2026-09-25T17:25:48Z,-3.592100821999334,-4.0,win,0.869565,401862779
2026,d9a781a64fc2c4b45290db32b5ec3f20,2026-09-25T20:00:00Z,Temple Owls,Army Black Knights,fanduel,Temple Owls,3.5,-105.0,2026-09-25T17:25:56Z,2026-09-25T17:25:48Z,-3.592100821999334,-4.0,loss,-1,401862779
2026,d9a781a64fc2c4b45290db32b5ec3f20,2026-09-25T20:00:00Z,Temple Owls,Army Black Knights,mybookieag,Army Black Knights,-3.5,-110.0,2026-09-25T17:25:56Z,2026-09-25T17:25:32Z,-3.592100821999334,-4.0,win,0.909091,401862779
2026,d9a781a64fc2c4b45290db32b5ec3f20,2026-09-25T20:00:00Z,Temple Owls,Army Black Knights,mybookieag,Temple Owls,3.5,-110.0,2026-09-25T17:25:56Z,2026-09-25T17:25:32Z,-3.592100821999334,-4.0,loss,-1,401862779
2026,d9a781a64fc2c4b45290db32b5ec3f20,2026-09-25T20:00:00Z,Temple Owls,Army Black Knights,betrivers,Army Black Knights,-4.0,-106.0,2026-09-25T17:25:56Z,2026-09-25T17:25:51Z,-3.592100821999334,-4.0,push,0,401862779
2026,d9a781a64fc2c4b45290db32b5ec3f20,2026-09-25T20:00:00Z,Temple Owls,Army Black Knights,betrivers,Temple Owls,4.0,-117.0,2026-09-25T17:25:56Z,2026-09-25T17:25:51Z,-3.592100821999334,-4.0,push,0,401862779
2026,d9a781a64fc2c4b45290db32b5ec3f20,2026-09-25T20:00:00Z,Temple Owls,Army Black Knights,draftkings,Army Black Knights,-3.5,-110.0,2026-09-25T17:25:56Z,2026-09-25T17:25:49Z,-3.592100821999334,-4.0,win,0.909091,401862779
2026,d9a781a64fc2c4b45290db32b5ec3f20,2026-09-25T20:00:00Z,Temple Owls,Army Black Knights,draftkings,Temple Owls,3.5,-110.0,2026-09-25T17:25:56Z,2026-09-25T17:25:49Z,-3.592100821999334,-4.0,loss,-1,401862779
2026,d9a781a64fc2c4b45290db32b5ec3f20,2026-09-25T20:00:00Z,Temple Owls,Army Black Knights,lowvig,Army Black Knights,-3.5,-108.0,2026-09-25T17:25:56Z,2026-09-25T17:25:16Z,-3.592100821999334,-4.0,win,0.925926,401862779
2026,d9a781a64fc2c4b45290db32b5ec3f20,2026-09-25T20:00:00Z,Temple Owls,Army Black Knights,lowvig,Temple Owls,3.5,-104.0,2026-09-25T17:25:56Z,2026-09-25T17:25:16Z,-3.592100821999334,-4.0,loss,-1,401862779
2026,d9a781a64fc2c4b45290db32b5ec3f20,2026-09-25T20:00:00Z,Temple Owls,Army Black Knights,betonlineag,Army Black Knights,-3.5,-112.0,2026-09-25T17:25:56Z,2026-09-25T17:25:14Z,-3.592100821999334,-4.0,win,0.892857,401862779
2026,d9a781a64fc2c4b45290db32b5ec3f20,2026-09-25T20:00:00Z,Temple Owls,Army Black Knights,betonlineag,Temple Owls,3.5,-108.0,2026-09-25T17:25:56Z,2026-09-25T17:25:14Z,-3.592100821999334,-4.0,loss,-1,401862779
2026,d9a781a64fc2c4b45290db32b5ec3f20,2026-09-25T20:00:00Z,Temple Owls,Army Black Knights,betmgm,Army Black Knights,-4.0,-110.0,2026-09-25T17:25:56Z,2026-09-25T17:25:01Z,-3.592100821999334,-4.0,push,0,401862779
2026,d9a781a64fc2c4b45290db32b5ec3f20,2026-09-25T20:00:00Z,Temple Owls,Army Black Knights,betmgm,Temple Owls,4.0,-118.0,2026-09-25T17:25:56Z,2026-09-25T17:25:01Z,-3.592100821999334,-4.0,push,0,401862779
2026,d9a781a64fc2c4b45290db32b5ec3f20,2026-09-25T20:00:00Z,Temple Owls,Army Black Knights,betus,Army Black Knights,-3.5,-110.0,2026-09-25T17:25:56Z,2026-09-25T17:25:14Z,-3.592100821999334,-4.0,win,0.909091,401862779
2026,d9a781a64fc2c4b45290db32b5ec3f20,2026-09-25T20:00:00Z,Temple Owls,Army Black Knights,betus,Temple Owls,3.5,-110.0,2026-09-25T17:25:56Z,2026-09-25T17:25:14Z,-3.592100821999334,-4.0,loss,-1,401862779
2026,d9a781a64fc2c4b45290db32b5ec3f20,2026-09-25T20:00:00Z,Temple Owls,Army Black Knights,bovada,Army Black Knights,-3.5,-110.0,2026-09-25T17:25:56Z,2026-09-25T17:23:48Z,-3.592100821999334,-4.0,win,0.909091,401862779
2026,d9a781a64fc2c4b45290db32b5ec3f20,2026-09-25T20:00:00Z,Temple Owls,Army Black Knights,bovada,Temple Owls,3.5,-110.0,2026-09-25T17:25:56Z,2026-09-25T17:23:48Z,-3.592100821999334,-4.0,loss,-1,401862779
2026,2e454a12c5301843ab7ec1a1eaf4f237,2026-09-25T23:00:00Z,UAB Blazers,Navy Midshipmen,fanduel,Navy Midshipmen,-6.5,-110.0,2026-09-25T20:31:05Z,2026-09-25T20:30:32Z,-0.5992618330635358,4.0,loss,-1,401862778
2026,2e454a12c5301843ab7ec1a1eaf4f237,2026-09-25T23:00:00Z,UAB Blazers,Navy Midshipmen,fanduel,UAB Blazers,6.5,-110.0,2026-09-25T20:31:05Z,2026-09-25T20:30:32Z,-0.5992618330635358,4.0,win,0.909091,401862778
2026,2e454a12c5301843ab7ec1a1eaf4f237,2026-09-25T23:00:00Z,UAB Blazers,Navy Midshipmen,mybookieag,Navy Midshipmen,-6.5,-110.0,2026-09-25T20:31:05Z,2026-09-25T20:28:56Z,-0.5992618330635358,4.0,loss,-1,401862778
2026,2e454a12c5301843ab7ec1a1eaf4f237,2026-09-25T23:00:00Z,UAB Blazers,Navy Midshipmen,mybookieag,UAB Blazers,6.5,-110.0,2026-09-25T20:31:05Z,2026-09-25T20:28:56Z,-0.5992618330635358,4.0,win,0.909091,401862778
2026,2e454a12c5301843ab7ec1a1eaf4f237,2026-09-25T23:00:00Z,UAB Blazers,Navy Midshipmen,betrivers,Navy Midshipmen,-7.0,-113.0,2026-09-25T20:31:05Z,2026-09-25T20:30:34Z,-0.5992618330635358,4.0,loss,-1,401862778
2026,2e454a12c5301843ab7ec1a1eaf4f237,2026-09-25T23:00:00Z,UAB Blazers,Navy Midshipmen,betrivers,UAB Blazers,7.0,-109.0,2026-09-25T20:31:05Z,2026-09-25T20:30:34Z,-0.5992618330635358,4.0,win,0.917431,401862778
2026,2e454a12c5301843ab7ec1a1eaf4f237,2026-09-25T23:00:00Z,UAB Blazers,Navy Midshipmen,draftkings,Navy Midshipmen,-6.5,-110.0,2026-09-25T20:31:05Z,2026-09-25T20:30:32Z,-0.5992618330635358,4.0,loss,-1,401862778
2026,2e454a12c5301843ab7ec1a1eaf4f237,2026-09-25T23:00:00Z,UAB Blazers,Navy Midshipmen,draftkings,UAB Blazers,6.5,-110.0,2026-09-25T20:31:05Z,2026-09-25T20:30:32Z,-0.5992618330635358,4.0,win,0.909091,401862778
2026,2e454a12c5301843ab7ec1a1eaf4f237,2026-09-25T23:00:00Z,UAB Blazers,Navy Midshipmen,lowvig,Navy Midshipmen,-6.5,-111.0,2026-09-25T20:31:05Z,2026-09-25T20:30:32Z,-0.5992618330635358,4.0,loss,-1,401862778
2026,2e454a12c5301843ab7ec1a1eaf4f237,2026-09-25T23:00:00Z,UAB Blazers,Navy Midshipmen,lowvig,UAB Blazers,6.5,-101.0,2026-09-25T20:31:05Z,2026-09-25T20:30:32Z,-0.5992618330635358,4.0,win,0.990099,401862778
2026,2e454a12c5301843ab7ec1a1eaf4f237,2026-09-25T23:00:00Z,UAB Blazers,Navy Midshipmen,betonlineag,Navy Midshipmen,-6.5,-115.0,2026-09-25T20:31:05Z,2026-09-25T20:30:30Z,-0.5992618330635358,4.0,loss,-1,401862778
2026,2e454a12c5301843ab7ec1a1eaf4f237,2026-09-25T23:00:00Z,UAB Blazers,Navy Midshipmen,betonlineag,UAB Blazers,6.5,-105.0,2026-09-25T20:31:05Z,2026-09-25T20:30:30Z,-0.5992618330635358,4.0,win,0.952381,401862778
2026,2e454a12c5301843ab7ec1a1eaf4f237,2026-09-25T23:00:00Z,UAB Blazers,Navy Midshipmen,betmgm,Navy Midshipmen,-6.5,-110.0,2026-09-25T20:31:05Z,2026-09-25T20:30:32Z,-0.5992618330635358,4.0,loss,-1,401862778
2026,2e454a12c5301843ab7ec1a1eaf4f237,2026-09-25T23:00:00Z,UAB Blazers,Navy Midshipmen,betmgm,UAB Blazers,6.5,-108.0,2026-09-25T20:31:05Z,2026-09-25T20:30:32Z,-0.5992618330635358,4.0,win,0.925926,401862778
2026,2e454a12c5301843ab7ec1a1eaf4f237,2026-09-25T23:00:00Z,UAB Blazers,Navy Midshipmen,betus,Navy Midshipmen,-6.5,-110.0,2026-09-25T20:31:05Z,2026-09-25T20:30:31Z,-0.5992618330635358,4.0,loss,-1,401862778
2026,2e454a12c5301843ab7ec1a1eaf4f237,2026-09-25T23:00:00Z,UAB Blazers,Navy Midshipmen,betus,UAB Blazers,6.5,-110.0,2026-09-25T20:31:05Z,2026-09-25T20:30:31Z,-0.5992618330635358,4.0,win,0.909091,401862778
2026,2e454a12c5301843ab7ec1a1eaf4f237,2026-09-25T23:00:00Z,UAB Blazers,Navy Midshipmen,bovada,Navy Midshipmen,-6.5,-110.0,2026-09-25T20:31:05Z,2026-09-25T20:28:28Z,-0.5992618330635358,4.0,loss,-1,401862778
2026,2e454a12c5301843ab7ec1a1eaf4f237,2026-09-25T23:00:00Z,UAB Blazers,Navy Midshipmen,bovada,UAB Blazers,6.5,-110.0,2026-09-25T20:31:05Z,2026-09-25T20:28:28Z,-0.5992618330635358,4.0,win,0.909091,401862778
2026,a14ae60e9aac7b91d0acbdae745873b4,2026-09-26T16:00:00Z,Kent State Golden Flashes,Ball State Cardinals,fanduel,Ball State Cardinals,2.5,100.0,2026-09-26T12:35:36Z,2026-09-26T12:35:11Z,-1.3580420325464386,13.0,loss,-1,401866425
2026,a14ae60e9aac7b91d0acbdae745873b4,2026-09-26T16:00:00Z,Kent State Golden Flashes,Ball State Cardinals,fanduel,Kent State Golden Flashes,-2.5,-122.0,2026-09-26T12:35:36Z,2026-09-26T12:35:11Z,-1.3580420325464386,13.0,win,0.819672,401866425
2026,a14ae60e9aac7b91d0acbdae745873b4,2026-09-26T16:00:00Z,Kent State Golden Flashes,Ball State Cardinals,mybookieag,Ball State Cardinals,3.0,-110.0,2026-09-26T12:35:36Z,2026-09-26T12:35:13Z,-1.3580420325464386,13.0,loss,-1,401866425
2026,a14ae60e9aac7b91d0acbdae745873b4,2026-09-26T16:00:00Z,Kent State Golden Flashes,Ball State Cardinals,mybookieag,Kent State Golden Flashes,-3.0,-110.0,2026-09-26T12:35:36Z,2026-09-26T12:35:13Z,-1.3580420325464386,13.0,win,0.909091,401866425
2026,a14ae60e9aac7b91d0acbdae745873b4,2026-09-26T16:00:00Z,Kent State Golden Flashes,Ball State Cardinals,betrivers,Ball State Cardinals,3.0,-107.0,2026-09-26T12:35:36Z,2026-09-26T12:34:37Z,-1.3580420325464386,13.0,loss,-1,401866425
2026,a14ae60e9aac7b91d0acbdae745873b4,2026-09-26T16:00:00Z,Kent State Golden Flashes,Ball State Cardinals,betrivers,Kent State Golden Flashes,-3.0,-115.0,2026-09-26T12:35:36Z,2026-09-26T12:34:37Z,-1.3580420325464386,13.0,win,0.869565,401866425
2026,a14ae60e9aac7b91d0acbdae745873b4,2026-09-26T16:00:00Z,Kent State Golden Flashes,Ball State Cardinals,draftkings,Ball State Cardinals,3.0,-108.0,2026-09-26T12:35:36Z,2026-09-26T12:34:54Z,-1.3580420325464386,13.0,loss,-1,401866425
2026,a14ae60e9aac7b91d0acbdae745873b4,2026-09-26T16:00:00Z,Kent State Golden Flashes,Ball State Cardinals,draftkings,Kent State Golden Flashes,-3.0,-112.0,2026-09-26T12:35:36Z,2026-09-26T12:34:54Z,-1.3580420325464386,13.0,win,0.892857,401866425
2026,a14ae60e9aac7b91d0acbdae745873b4,2026-09-26T16:00:00Z,Kent State Golden Flashes,Ball State Cardinals,lowvig,Ball State Cardinals,3.0,-104.0,2026-09-26T12:35:36Z,2026-09-26T12:34:53Z,-1.3580420325464386,13.0,loss,-1,401866425
2026,a14ae60e9aac7b91d0acbdae745873b4,2026-09-26T16:00:00Z,Kent State Golden Flashes,Ball State Cardinals,lowvig,Kent State Golden Flashes,-3.0,-108.0,2026-09-26T12:35:36Z,2026-09-26T12:34:53Z,-1.3580420325464386,13.0,win,0.925926,401866425
2026,a14ae60e9aac7b91d0acbdae745873b4,2026-09-26T16:00:00Z,Kent State Golden Flashes,Ball State Cardinals,betonlineag,Ball State Cardinals,3.0,-108.0,2026-09-26T12:35:36Z,2026-09-26T12:35:29Z,-1.3580420325464386,13.0,loss,-1,401866425
2026,a14ae60e9aac7b91d0acbdae745873b4,2026-09-26T16:00:00Z,Kent State Golden Flashes,Ball State Cardinals,betonlineag,Kent State Golden Flashes,-3.0,-112.0,2026-09-26T12:35:36Z,2026-09-26T12:35:29Z,-1.3580420325464386,13.0,win,0.892857,401866425
2026,a14ae60e9aac7b91d0acbdae745873b4,2026-09-26T16:00:00Z,Kent State Golden Flashes,Ball State Cardinals,betmgm,Ball State Cardinals,3.0,-110.0,2026-09-26T12:35:36Z,2026-09-26T12:34:22Z,-1.3580420325464386,13.0,loss,-1,401866425
2026,a14ae60e9aac7b91d0acbdae745873b4,2026-09-26T16:00:00Z,Kent State Golden Flashes,Ball State Cardinals,betmgm,Kent State Golden Flashes,-3.0,-108.0,2026-09-26T12:35:36Z,2026-09-26T12:34:22Z,-1.3580420325464386,13.0,win,0.925926,401866425
2026,a14ae60e9aac7b91d0acbdae745873b4,2026-09-26T16:00:00Z,Kent State Golden Flashes,Ball State Cardinals,betus,Ball State Cardinals,3.0,-105.0,2026-09-26T12:35:36Z,2026-09-26T12:35:11Z,-1.3580420325464386,13.0,loss,-1,401866425
2026,a14ae60e9aac7b91d0acbdae745873b4,2026-09-26T16:00:00Z,Kent State Golden Flashes,Ball State Cardinals,betus,Kent State Golden Flashes,-3.0,-115.0,2026-09-26T12:35:36Z,2026-09-26T12:35:11Z,-1.3580420325464386,13.0,win,0.869565,401866425
2026,a14ae60e9aac7b91d0acbdae745873b4,2026-09-26T16:00:00Z,Kent State Golden Flashes,Ball State Cardinals,bovada,Ball State Cardinals,3.0,-110.0,2026-09-26T12:35:36Z,2026-09-26T12:34:07Z,-1.3580420325464386,13.0,loss,-1,401866425
2026,a14ae60e9aac7b91d0acbdae745873b4,2026-09-26T16:00:00Z,Kent State Golden Flashes,Ball State Cardinals,bovada,Kent State Golden Flashes,-3.0,-110.0,2026-09-26T12:35:36Z,2026-09-26T12:34:07Z,-1.3580420325464386,13.0,win,0.909091,401866425
2026,69b1a0ff5fb2c67c6627b5c8cf8368cb,2026-09-26T16:00:00Z,Tennessee Volunteers,Texas Longhorns,draftkings,Tennessee Volunteers,5.5,-115.0,2026-09-26T12:35:36Z,2026-09-26T12:34:54Z,5.425291616811432,-3.0,win,0.869565,401856704
2026,69b1a0ff5fb2c67c6627b5c8cf8368cb,2026-09-26T16:00:00Z,Tennessee Volunteers,Texas Longhorns,draftkings,Texas Longhorns,-5.5,-105.0,2026-09-26T12:35:36Z,2026-09-26T12:34:54Z,5.425291616811432,-3.0,loss,-1,401856704
2026,69b1a0ff5fb2c67c6627b5c8cf8368cb,2026-09-26T16:00:00Z,Tennessee Volunteers,Texas Longhorns,mybookieag,Tennessee Volunteers,5.5,-110.0,2026-09-26T12:35:36Z,2026-09-26T12:35:12Z,5.425291616811432,-3.0,win,0.909091,401856704
2026,69b1a0ff5fb2c67c6627b5c8cf8368cb,2026-09-26T16:00:00Z,Tennessee Volunteers,Texas Longhorns,mybookieag,Texas Longhorns,-5.5,-110.0,2026-09-26T12:35:36Z,2026-09-26T12:35:12Z,5.425291616811432,-3.0,loss,-1,401856704
2026,69b1a0ff5fb2c67c6627b5c8cf8368cb,2026-09-26T16:00:00Z,Tennessee Volunteers,Texas Longhorns,fanduel,Tennessee Volunteers,5.5,-115.0,2026-09-26T12:35:36Z,2026-09-26T12:35:11Z,5.425291616811432,-3.0,win,0.869565,401856704
2026,69b1a0ff5fb2c67c6627b5c8cf8368cb,2026-09-26T16:00:00Z,Tennessee Volunteers,Texas Longhorns,fanduel,Texas Longhorns,-5.5,-105.0,2026-09-26T12:35:36Z,2026-09-26T12:35:11Z,5.425291616811432,-3.0,loss,-1,401856704
2026,69b1a0ff5fb2c67c6627b5c8cf8368cb,2026-09-26T16:00:00Z,Tennessee Volunteers,Texas Longhorns,betrivers,Tennessee Volunteers,5.0,-113.0,2026-09-26T12:35:36Z,2026-09-26T12:34:37Z,5.425291616811432,-3.0,win,0.884956,401856704
2026,69b1a0ff5fb2c67c6627b5c8cf8368cb,2026-09-26T16:00:00Z,Tennessee Volunteers,Texas Longhorns,betrivers,Texas Longhorns,-5.0,-110.0,2026-09-26T12:35:36Z,2026-09-26T12:34:37Z,5.425291616811432,-3.0,loss,-1,401856704
2026,69b1a0ff5fb2c67c6627b5c8cf8368cb,2026-09-26T16:00:00Z,Tennessee Volunteers,Texas Longhorns,lowvig,Tennessee Volunteers,5.5,-110.0,2026-09-26T12:35:36Z,2026-09-26T12:34:53Z,5.425291616811432,-3.0,win,0.909091,401856704
2026,69b1a0ff5fb2c67c6627b5c8cf8368cb,2026-09-26T16:00:00Z,Tennessee Volunteers,Texas Longhorns,lowvig,Texas Longhorns,-5.5,-102.0,2026-09-26T12:35:36Z,2026-09-26T12:34:53Z,5.425291616811432,-3.0,loss,-1,401856704
2026,69b1a0ff5fb2c67c6627b5c8cf8368cb,2026-09-26T16:00:00Z,Tennessee Volunteers,Texas Longhorns,betonlineag,Tennessee Volunteers,5.5,-114.0,2026-09-26T12:35:36Z,2026-09-26T12:35:29Z,5.425291616811432,-3.0,win,0.877193,401856704
2026,69b1a0ff5fb2c67c6627b5c8cf8368cb,2026-09-26T16:00:00Z,Tennessee Volunteers,Texas Longhorns,betonlineag,Texas Longhorns,-5.5,-106.0,2026-09-26T12:35:36Z,2026-09-26T12:35:29Z,5.425291616811432,-3.0,loss,-1,401856704
2026,69b1a0ff5fb2c67c6627b5c8cf8368cb,2026-09-26T16:00:00Z,Tennessee Volunteers,Texas Longhorns,betus,Tennessee Volunteers,5.5,-115.0,2026-09-26T12:35:36Z,2026-09-26T12:35:11Z,5.425291616811432,-3.0,win,0.869565,401856704
2026,69b1a0ff5fb2c67c6627b5c8cf8368cb,2026-09-26T16:00:00Z,Tennessee Volunteers,Texas Longhorns,betus,Texas Longhorns,-5.5,-105.0,2026-09-26T12:35:36Z,2026-09-26T12:35:11Z,5.425291616811432,-3.0,loss,-1,401856704
2026,69b1a0ff5fb2c67c6627b5c8cf8368cb,2026-09-26T16:00:00Z,Tennessee Volunteers,Texas Longhorns,betmgm,Tennessee Volunteers,5.0,-110.0,2026-09-26T12:35:36Z,2026-09-26T12:34:22Z,5.425291616811432,-3.0,win,0.909091,401856704
2026,69b1a0ff5fb2c67c6627b5c8cf8368cb,2026-09-26T16:00:00Z,Tennessee Volunteers,Texas Longhorns,betmgm,Texas Longhorns,-5.0,-108.0,2026-09-26T12:35:36Z,2026-09-26T12:34:22Z,5.425291616811432,-3.0,loss,-1,401856704
2026,69b1a0ff5fb2c67c6627b5c8cf8368cb,2026-09-26T16:00:00Z,Tennessee Volunteers,Texas Longhorns,bovada,Tennessee Volunteers,5.0,-110.0,2026-09-26T12:35:36Z,2026-09-26T12:34:07Z,5.425291616811432,-3.0,win,0.909091,401856704
2026,69b1a0ff5fb2c67c6627b5c8cf8368cb,2026-09-26T16:00:00Z,Tennessee Volunteers,Texas Longhorns,bovada,Texas Longhorns,-5.0,-110.0,2026-09-26T12:35:36Z,2026-09-26T12:34:07Z,5.425291616811432,-3.0,loss,-1,401856704
2026,c48f042c91328d4d0c6351fc82286879,2026-09-26T17:30:00Z,Maryland Terrapins,UCLA Bruins,draftkings,Maryland Terrapins,2.5,-110.0,2026-09-26T16:31:43Z,2026-09-26T16:31:43Z,7.12633164728568,-51.0,loss,-1,401858462
2026,c48f042c91328d4d0c6351fc82286879,2026-09-26T17:30:00Z,Maryland Terrapins,UCLA Bruins,draftkings,UCLA Bruins,-2.5,-110.0,2026-09-26T16:31:43Z,2026-09-26T16:31:43Z,7.12633164728568,-51.0,win,0.909091,401858462
2026,c48f042c91328d4d0c6351fc82286879,2026-09-26T17:30:00Z,Maryland Terrapins,UCLA Bruins,fanduel,Maryland Terrapins,2.5,-106.0,2026-09-26T16:31:43Z,2026-09-26T16:31:24Z,7.12633164728568,-51.0,loss,-1,401858462
2026,c48f042c91328d4d0c6351fc82286879,2026-09-26T17:30:00Z,Maryland Terrapins,UCLA Bruins,fanduel,UCLA Bruins,-2.5,-114.0,2026-09-26T16:31:43Z,2026-09-26T16:31:24Z,7.12633164728568,-51.0,win,0.877193,401858462
2026,c48f042c91328d4d0c6351fc82286879,2026-09-26T17:30:00Z,Maryland Terrapins,UCLA Bruins,betrivers,Maryland Terrapins,2.5,-112.0,2026-09-26T16:31:43Z,2026-09-26T16:30:52Z,7.12633164728568,-51.0,loss,-1,401858462
2026,c48f042c91328d4d0c6351fc82286879,2026-09-26T17:30:00Z,Maryland Terrapins,UCLA Bruins,betrivers,UCLA Bruins,-2.5,-112.0,2026-09-26T16:31:43Z,2026-09-26T16:30:52Z,7.12633164728568,-51.0,win,0.892857,401858462
2026,c48f042c91328d4d0c6351fc82286879,2026-09-26T17:30:00Z,Maryland Terrapins,UCLA Bruins,mybookieag,Maryland Terrapins,2.5,-110.0,2026-09-26T16:31:43Z,2026-09-26T16:31:15Z,7.12633164728568,-51.0,loss,-1,401858462
2026,c48f042c91328d4d0c6351fc82286879,2026-09-26T17:30:00Z,Maryland Terrapins,UCLA Bruins,mybookieag,UCLA Bruins,-2.5,-110.0,2026-09-26T16:31:43Z,2026-09-26T16:31:15Z,7.12633164728568,-51.0,win,0.909091,401858462
2026,c48f042c91328d4d0c6351fc82286879,2026-09-26T17:30:00Z,Maryland Terrapins,UCLA Bruins,betonlineag,Maryland Terrapins,2.0,-103.0,2026-09-26T16:31:43Z,2026-09-26T16:30:49Z,7.12633164728568,-51.0,loss,-1,401858462
2026,c48f042c91328d4d0c6351fc82286879,2026-09-26T17:30:00Z,Maryland Terrapins,UCLA Bruins,betonlineag,UCLA Bruins,-2.0,-117.0,2026-09-26T16:31:43Z,2026-09-26T16:30:49Z,7.12633164728568,-51.0,win,0.854701,401858462
2026,c48f042c91328d4d0c6351fc82286879,2026-09-26T17:30:00Z,Maryland Terrapins,UCLA Bruins,lowvig,Maryland Terrapins,2.0,101.0,2026-09-26T16:31:43Z,2026-09-26T16:31:22Z,7.12633164728568,-51.0,loss,-1,401858462
2026,c48f042c91328d4d0c6351fc82286879,2026-09-26T17:30:00Z,Maryland Terrapins,UCLA Bruins,lowvig,UCLA Bruins,-2.0,-113.0,2026-09-26T16:31:43Z,2026-09-26T16:31:22Z,7.12633164728568,-51.0,win,0.884956,401858462
2026,c48f042c91328d4d0c6351fc82286879,2026-09-26T17:30:00Z,Maryland Terrapins,UCLA Bruins,betus,Maryland Terrapins,2.5,-110.0,2026-09-26T16:31:43Z,2026-09-26T16:31:42Z,7.12633164728568,-51.0,loss,-1,401858462
2026,c48f042c91328d4d0c6351fc82286879,2026-09-26T17:30:00Z,Maryland Terrapins,UCLA Bruins,betus,UCLA Bruins,-2.5,-110.0,2026-09-26T16:31:43Z,2026-09-26T16:31:42Z,7.12633164728568,-51.0,win,0.909091,401858462
2026,c48f042c91328d4d0c6351fc82286879,2026-09-26T17:30:00Z,Maryland Terrapins,UCLA Bruins,betmgm,Maryland Terrapins,2.5,-105.0,2026-09-26T16:31:43Z,2026-09-26T16:31:08Z,7.12633164728568,-51.0,loss,-1,401858462
2026,c48f042c91328d4d0c6351fc82286879,2026-09-26T17:30:00Z,Maryland Terrapins,UCLA Bruins,betmgm,UCLA Bruins,-2.5,-112.0,2026-09-26T16:31:43Z,2026-09-26T16:31:08Z,7.12633164728568,-51.0,win,0.892857,401858462
2026,c48f042c91328d4d0c6351fc82286879,2026-09-26T17:30:00Z,Maryland Terrapins,UCLA Bruins,bovada,Maryland Terrapins,2.5,-105.0,2026-09-26T16:31:43Z,2026-09-26T16:30:53Z,7.12633164728568,-51.0,loss,-1,401858462
2026,c48f042c91328d4d0c6351fc82286879,2026-09-26T17:30:00Z,Maryland Terrapins,UCLA Bruins,bovada,UCLA Bruins,-2.5,-115.0,2026-09-26T16:31:43Z,2026-09-26T16:30:53Z,7.12633164728568,-51.0,win,0.869565,401858462
2026,39a3d3075172036a2b3f7d47913779b8,2026-09-26T19:30:00Z,Michigan Wolverines,Iowa Hawkeyes,draftkings,Iowa Hawkeyes,5.5,-115.0,2026-09-26T16:31:43Z,2026-09-26T16:31:43Z,-4.332990646976488,-1.0,win,0.869565,401858463
2026,39a3d3075172036a2b3f7d47913779b8,2026-09-26T19:30:00Z,Michigan Wolverines,Iowa Hawkeyes,draftkings,Michigan Wolverines,-5.5,-105.0,2026-09-26T16:31:43Z,2026-09-26T16:31:43Z,-4.332990646976488,-1.0,loss,-1,401858463
2026,39a3d3075172036a2b3f7d47913779b8,2026-09-26T19:30:00Z,Michigan Wolverines,Iowa Hawkeyes,fanduel,Iowa Hawkeyes,5.5,-112.0,2026-09-26T16:31:43Z,2026-09-26T16:31:23Z,-4.332990646976488,-1.0,win,0.892857,401858463
2026,39a3d3075172036a2b3f7d47913779b8,2026-09-26T19:30:00Z,Michigan Wolverines,Iowa Hawkeyes,fanduel,Michigan Wolverines,-5.5,-108.0,2026-09-26T16:31:43Z,2026-09-26T16:31:23Z,-4.332990646976488,-1.0,loss,-1,401858463
2026,39a3d3075172036a2b3f7d47913779b8,2026-09-26T19:30:00Z,Michigan Wolverines,Iowa Hawkeyes,mybookieag,Iowa Hawkeyes,5.0,-110.0,2026-09-26T16:31:43Z,2026-09-26T16:31:15Z,-4.332990646976488,-1.0,win,0.909091,401858463
2026,39a3d3075172036a2b3f7d47913779b8,2026-09-26T19:30:00Z,Michigan Wolverines,Iowa Hawkeyes,mybookieag,Michigan Wolverines,-5.0,-110.0,2026-09-26T16:31:43Z,2026-09-26T16:31:15Z,-4.332990646976488,-1.0,loss,-1,401858463
2026,39a3d3075172036a2b3f7d47913779b8,2026-09-26T19:30:00Z,Michigan Wolverines,Iowa Hawkeyes,betrivers,Iowa Hawkeyes,5.5,-112.0,2026-09-26T16:31:43Z,2026-09-26T16:30:52Z,-4.332990646976488,-1.0,win,0.892857,401858463
2026,39a3d3075172036a2b3f7d47913779b8,2026-09-26T19:30:00Z,Michigan Wolverines,Iowa Hawkeyes,betrivers,Michigan Wolverines,-5.5,-112.0,2026-09-26T16:31:43Z,2026-09-26T16:30:52Z,-4.332990646976488,-1.0,loss,-1,401858463
2026,39a3d3075172036a2b3f7d47913779b8,2026-09-26T19:30:00Z,Michigan Wolverines,Iowa Hawkeyes,betonlineag,Iowa Hawkeyes,5.5,-112.0,2026-09-26T16:31:43Z,2026-09-26T16:30:49Z,-4.332990646976488,-1.0,win,0.892857,401858463
2026,39a3d3075172036a2b3f7d47913779b8,2026-09-26T19:30:00Z,Michigan Wolverines,Iowa Hawkeyes,betonlineag,Michigan Wolverines,-5.5,-108.0,2026-09-26T16:31:43Z,2026-09-26T16:30:49Z,-4.332990646976488,-1.0,loss,-1,401858463
2026,39a3d3075172036a2b3f7d47913779b8,2026-09-26T19:30:00Z,Michigan Wolverines,Iowa Hawkeyes,lowvig,Iowa Hawkeyes,5.5,-108.0,2026-09-26T16:31:43Z,2026-09-26T16:31:22Z,-4.332990646976488,-1.0,win,0.925926,401858463
2026,39a3d3075172036a2b3f7d47913779b8,2026-09-26T19:30:00Z,Michigan Wolverines,Iowa Hawkeyes,lowvig,Michigan Wolverines,-5.5,-104.0,2026-09-26T16:31:43Z,2026-09-26T16:31:22Z,-4.332990646976488,-1.0,loss,-1,401858463
2026,39a3d3075172036a2b3f7d47913779b8,2026-09-26T19:30:00Z,Michigan Wolverines,Iowa Hawkeyes,betmgm,Iowa Hawkeyes,5.0,-112.0,2026-09-26T16:31:43Z,2026-09-26T16:31:08Z,-4.332990646976488,-1.0,win,0.892857,401858463
2026,39a3d3075172036a2b3f7d47913779b8,2026-09-26T19:30:00Z,Michigan Wolverines,Iowa Hawkeyes,betmgm,Michigan Wolverines,-5.0,-118.0,2026-09-26T16:31:43Z,2026-09-26T16:31:08Z,-4.332990646976488,-1.0,loss,-1,401858463
2026,39a3d3075172036a2b3f7d47913779b8,2026-09-26T19:30:00Z,Michigan Wolverines,Iowa Hawkeyes,betus,Iowa Hawkeyes,5.5,-110.0,2026-09-26T16:31:43Z,2026-09-26T16:31:42Z,-4.332990646976488,-1.0,win,0.909091,401858463
2026,39a3d3075172036a2b3f7d47913779b8,2026-09-26T19:30:00Z,Michigan Wolverines,Iowa Hawkeyes,betus,Michigan Wolverines,-5.5,-110.0,2026-09-26T16:31:43Z,2026-09-26T16:31:42Z,-4.332990646976488,-1.0,loss,-1,401858463
2026,39a3d3075172036a2b3f7d47913779b8,2026-09-26T19:30:00Z,Michigan Wolverines,Iowa Hawkeyes,bovada,Iowa Hawkeyes,5.0,-110.0,2026-09-26T16:31:43Z,2026-09-26T16:30:53Z,-4.332990646976488,-1.0,win,0.909091,401858463
2026,39a3d3075172036a2b3f7d47913779b8,2026-09-26T19:30:00Z,Michigan Wolverines,Iowa Hawkeyes,bovada,Michigan Wolverines,-5.0,-110.0,2026-09-26T16:31:43Z,2026-09-26T16:30:53Z,-4.332990646976488,-1.0,loss,-1,401858463
2026,0dcea769daace0b6c76434589c639b11,2026-09-26T19:30:00Z,Iowa State Cyclones,Utah Utes,draftkings,Iowa State Cyclones,7.5,-112.0,2026-09-26T16:31:43Z,2026-09-26T16:31:43Z,-1.1884347695192172,-14.0,loss,-1,401856816
2026,0dcea769daace0b6c76434589c639b11,2026-09-26T19:30:00Z,Iowa State Cyclones,Utah Utes,draftkings,Utah Utes,-7.5,-108.0,2026-09-26T16:31:43Z,2026-09-26T16:31:43Z,-1.1884347695192172,-14.0,win,0.925926,401856816
2026,0dcea769daace0b6c76434589c639b11,2026-09-26T19:30:00Z,Iowa State Cyclones,Utah Utes,mybookieag,Iowa State Cyclones,7.5,-110.0,2026-09-26T16:31:43Z,2026-09-26T16:31:15Z,-1.1884347695192172,-14.0,loss,-1,401856816
2026,0dcea769daace0b6c76434589c639b11,2026-09-26T19:30:00Z,Iowa State Cyclones,Utah Utes,mybookieag,Utah Utes,-7.5,-110.0,2026-09-26T16:31:43Z,2026-09-26T16:31:15Z,-1.1884347695192172,-14.0,win,0.909091,401856816
2026,0dcea769daace0b6c76434589c639b11,2026-09-26T19:30:00Z,Iowa State Cyclones,Utah Utes,fanduel,Iowa State Cyclones,7.5,-110.0,2026-09-26T16:31:43Z,2026-09-26T16:31:23Z,-1.1884347695192172,-14.0,loss,-1,401856816
2026,0dcea769daace0b6c76434589c639b11,2026-09-26T19:30:00Z,Iowa State Cyclones,Utah Utes,fanduel,Utah Utes,-7.5,-110.0,2026-09-26T16:31:43Z,2026-09-26T16:31:23Z,-1.1884347695192172,-14.0,win,0.909091,401856816
2026,0dcea769daace0b6c76434589c639b11,2026-09-26T19:30:00Z,Iowa State Cyclones,Utah Utes,betrivers,Iowa State Cyclones,7.5,-114.0,2026-09-26T16:31:43Z,2026-09-26T16:30:52Z,-1.1884347695192172,-14.0,loss,-1,401856816
2026,0dcea769daace0b6c76434589c639b11,2026-09-26T19:30:00Z,Iowa State Cyclones,Utah Utes,betrivers,Utah Utes,-7.5,-109.0,2026-09-26T16:31:43Z,2026-09-26T16:30:52Z,-1.1884347695192172,-14.0,win,0.917431,401856816
2026,0dcea769daace0b6c76434589c639b11,2026-09-26T19:30:00Z,Iowa State Cyclones,Utah Utes,betonlineag,Iowa State Cyclones,7.5,-112.0,2026-09-26T16:31:43Z,2026-09-26T16:30:49Z,-1.1884347695192172,-14.0,loss,-1,401856816
2026,0dcea769daace0b6c76434589c639b11,2026-09-26T19:30:00Z,Iowa State Cyclones,Utah Utes,betonlineag,Utah Utes,-7.5,-108.0,2026-09-26T16:31:43Z,2026-09-26T16:30:49Z,-1.1884347695192172,-14.0,win,0.925926,401856816
2026,0dcea769daace0b6c76434589c639b11,2026-09-26T19:30:00Z,Iowa State Cyclones,Utah Utes,betus,Iowa State Cyclones,7.5,-115.0,2026-09-26T16:31:43Z,2026-09-26T16:31:42Z,-1.1884347695192172,-14.0,loss,-1,401856816
2026,0dcea769daace0b6c76434589c639b11,2026-09-26T19:30:00Z,Iowa State Cyclones,Utah Utes,betus,Utah Utes,-7.5,-105.0,2026-09-26T16:31:43Z,2026-09-26T16:31:42Z,-1.1884347695192172,-14.0,win,0.952381,401856816
2026,0dcea769daace0b6c76434589c639b11,2026-09-26T19:30:00Z,Iowa State Cyclones,Utah Utes,betmgm,Iowa State Cyclones,7.5,-110.0,2026-09-26T16:31:43Z,2026-09-26T16:31:08Z,-1.1884347695192172,-14.0,loss,-1,401856816
2026,0dcea769daace0b6c76434589c639b11,2026-09-26T19:30:00Z,Iowa State Cyclones,Utah Utes,betmgm,Utah Utes,-7.5,-108.0,2026-09-26T16:31:43Z,2026-09-26T16:31:08Z,-1.1884347695192172,-14.0,win,0.925926,401856816
2026,0dcea769daace0b6c76434589c639b11,2026-09-26T19:30:00Z,Iowa State Cyclones,Utah Utes,bovada,Iowa State Cyclones,7.5,-115.0,2026-09-26T16:31:43Z,2026-09-26T16:30:53Z,-1.1884347695192172,-14.0,loss,-1,401856816
2026,0dcea769daace0b6c76434589c639b11,2026-09-26T19:30:00Z,Iowa State Cyclones,Utah Utes,bovada,Utah Utes,-7.5,-105.0,2026-09-26T16:31:43Z,2026-09-26T16:30:53Z,-1.1884347695192172,-14.0,win,0.952381,401856816
2026,023386f1b92db2259c7d52b2f244182f,2026-09-26T21:00:00Z,Michigan State Spartans,Nebraska Cornhuskers,draftkings,Michigan State Spartans,6.0,-112.0,2026-09-26T20:30:10Z,2026-09-26T20:29:19Z,-5.833858396473422,-18.0,loss,-1,401858464
2026,023386f1b92db2259c7d52b2f244182f,2026-09-26T21:00:00Z,Michigan State Spartans,Nebraska Cornhuskers,draftkings,Nebraska Cornhuskers,-6.0,-108.0,2026-09-26T20:30:10Z,2026-09-26T20:29:19Z,-5.833858396473422,-18.0,win,0.925926,401858464
2026,023386f1b92db2259c7d52b2f244182f,2026-09-26T21:00:00Z,Michigan State Spartans,Nebraska Cornhuskers,mybookieag,Michigan State Spartans,6.0,-110.0,2026-09-26T20:30:10Z,2026-09-26T20:29:37Z,-5.833858396473422,-18.0,loss,-1,401858464
2026,023386f1b92db2259c7d52b2f244182f,2026-09-26T21:00:00Z,Michigan State Spartans,Nebraska Cornhuskers,mybookieag,Nebraska Cornhuskers,-6.0,-110.0,2026-09-26T20:30:10Z,2026-09-26T20:29:37Z,-5.833858396473422,-18.0,win,0.909091,401858464
2026,023386f1b92db2259c7d52b2f244182f,2026-09-26T21:00:00Z,Michigan State Spartans,Nebraska Cornhuskers,fanduel,Michigan State Spartans,5.5,-102.0,2026-09-26T20:30:10Z,2026-09-26T20:29:53Z,-5.833858396473422,-18.0,loss,-1,401858464
2026,023386f1b92db2259c7d52b2f244182f,2026-09-26T21:00:00Z,Michigan State Spartans,Nebraska Cornhuskers,fanduel,Nebraska Cornhuskers,-5.5,-120.0,2026-09-26T20:30:10Z,2026-09-26T20:29:53Z,-5.833858396473422,-18.0,win,0.833333,401858464
2026,023386f1b92db2259c7d52b2f244182f,2026-09-26T21:00:00Z,Michigan State Spartans,Nebraska Cornhuskers,betrivers,Michigan State Spartans,5.5,-110.0,2026-09-26T20:30:10Z,2026-09-26T20:29:35Z,-5.833858396473422,-18.0,loss,-1,401858464
2026,023386f1b92db2259c7d52b2f244182f,2026-09-26T21:00:00Z,Michigan State Spartans,Nebraska Cornhuskers,betrivers,Nebraska Cornhuskers,-5.5,-113.0,2026-09-26T20:30:10Z,2026-09-26T20:29:35Z,-5.833858396473422,-18.0,win,0.884956,401858464
2026,023386f1b92db2259c7d52b2f244182f,2026-09-26T21:00:00Z,Michigan State Spartans,Nebraska Cornhuskers,betonlineag,Michigan State Spartans,5.5,-105.0,2026-09-26T20:30:10Z,2026-09-26T20:29:54Z,-5.833858396473422,-18.0,loss,-1,401858464
2026,023386f1b92db2259c7d52b2f244182f,2026-09-26T21:00:00Z,Michigan State Spartans,Nebraska Cornhuskers,betonlineag,Nebraska Cornhuskers,-5.5,-115.0,2026-09-26T20:30:10Z,2026-09-26T20:29:54Z,-5.833858396473422,-18.0,win,0.869565,401858464
2026,023386f1b92db2259c7d52b2f244182f,2026-09-26T21:00:00Z,Michigan State Spartans,Nebraska Cornhuskers,lowvig,Michigan State Spartans,5.5,-101.0,2026-09-26T20:30:10Z,2026-09-26T20:29:02Z,-5.833858396473422,-18.0,loss,-1,401858464
2026,023386f1b92db2259c7d52b2f244182f,2026-09-26T21:00:00Z,Michigan State Spartans,Nebraska Cornhuskers,lowvig,Nebraska Cornhuskers,-5.5,-111.0,2026-09-26T20:30:10Z,2026-09-26T20:29:02Z,-5.833858396473422,-18.0,win,0.900901,401858464
2026,023386f1b92db2259c7d52b2f244182f,2026-09-26T21:00:00Z,Michigan State Spartans,Nebraska Cornhuskers,betmgm,Michigan State Spartans,6.0,-110.0,2026-09-26T20:30:10Z,2026-09-26T20:29:04Z,-5.833858396473422,-18.0,loss,-1,401858464
2026,023386f1b92db2259c7d52b2f244182f,2026-09-26T21:00:00Z,Michigan State Spartans,Nebraska Cornhuskers,betmgm,Nebraska Cornhuskers,-6.0,-108.0,2026-09-26T20:30:10Z,2026-09-26T20:29:04Z,-5.833858396473422,-18.0,win,0.925926,401858464
2026,023386f1b92db2259c7d52b2f244182f,2026-09-26T21:00:00Z,Michigan State Spartans,Nebraska Cornhuskers,betus,Michigan State Spartans,5.5,-105.0,2026-09-26T20:30:10Z,2026-09-26T20:29:02Z,-5.833858396473422,-18.0,loss,-1,401858464
2026,023386f1b92db2259c7d52b2f244182f,2026-09-26T21:00:00Z,Michigan State Spartans,Nebraska Cornhuskers,betus,Nebraska Cornhuskers,-5.5,-115.0,2026-09-26T20:30:10Z,2026-09-26T20:29:02Z,-5.833858396473422,-18.0,win,0.869565,401858464
2026,023386f1b92db2259c7d52b2f244182f,2026-09-26T21:00:00Z,Michigan State Spartans,Nebraska Cornhuskers,bovada,Michigan State Spartans,6.0,-105.0,2026-09-26T20:30:10Z,2026-09-26T20:27:24Z,-5.833858396473422,-18.0,loss,-1,401858464
2026,023386f1b92db2259c7d52b2f244182f,2026-09-26T21:00:00Z,Michigan State Spartans,Nebraska Cornhuskers,bovada,Nebraska Cornhuskers,-6.0,-115.0,2026-09-26T20:30:10Z,2026-09-26T20:27:24Z,-5.833858396473422,-18.0,win,0.869565,401858464
