season,game_id,kickoff_utc,home_team,away_team,reason
2026,0c71c3230f930f30ac34160b38dbbaf0,2026-09-26T23:30:00Z,LSU Tigers,Texas A&M Aggies,not_final_in_cfbd
2026,d4cee1a13bc1d87828ec7809d56b9496,2026-09-26T23:30:00Z,NC State Wolfpack,Appalachian State Mountaineers,not_final_in_cfbd
2026,83516ad7ba3e8ef9f90498cfcaf10eb5,2026-09-26T23:30:00Z,USC Trojans,Oregon Ducks,not_final_in_cfbd
2026,b8ee197b0b6ebb070f0f4b4a94a31bae,2026-09-26T23:30:00Z,Washington State Cougars,Arizona Wildcats,not_final_in_cfbd
2026,f154381c89953d3b0bd409a6bc4e28a6,2026-09-26T23:45:00Z,Mississippi State Bulldogs,Missouri Tigers,not_final_in_cfbd
2026,891673ae39457f51a701ca482c2f7280,2026-09-27T00:00:00Z,Arkansas Razorbacks,Tulsa Golden Hurricane,not_final_in_cfbd
2026,8fd491e65439f5d6b6a1edc9da7f036b,2026-09-27T00:00:00Z,UL Monroe Warhawks,Florida Atlantic Owls,not_final_in_cfbd
2026,4d76388c84fc859e6bae8ff267266872,2026-09-27T01:00:00Z,SMU Mustangs,Missouri State Bears,not_final_in_cfbd
2026,a48c4a759a03a93bf42e23d2f8bf769e,2026-09-27T01:00:00Z,UTEP Miners,Oregon State Beavers,not_final_in_cfbd
2026,271438149d3f0afb2ff01736101b5e20,2026-09-27T02:00:00Z,Fresno State Bulldogs,Rice Owls,not_final_in_cfbd
2026,e972bb2c0291b991de32cc0188c9d338,2026-09-27T02:30:00Z,Nevada Wolf Pack,Air Force Falcons,not_final_in_cfbd
2026,0c86537a10b805d25a4ab4f4efdd4c30,2026-09-27T02:30:00Z,Stanford Cardinal,Georgia Tech Yellow Jackets,not_final_in_cfbd
2026,e497e36c59bded468da11878568e7c80,2026-09-27T03:00:00Z,Washington Huskies,Minnesota Golden Gophers,not_final_in_cfbd
2026,e61c74f0e28b46ad83270a6234b425f4,2026-10-02T23:00:00Z,Virginia Tech Hokies,Pittsburgh Panthers,not_final_in_cfbd
2026,0469a451e58ca81723a7760d4bede173,2026-10-03T00:00:00Z,Northwestern Wildcats,Penn State Nittany Lions,not_final_in_cfbd
2026,932c7f6dfe06be77192fe000e9f3ac9d,2026-10-03T16:00:00Z,Clemson Tigers,Miami Hurricanes,not_final_in_cfbd
2026,46e1be6476ed577d1b5194b46b27c643,2026-10-03T16:00:00Z,Georgia Bulldogs,Vanderbilt Commodores,not_final_in_cfbd
2026,a2f01448219e39fd44e3d98ea5c7f482,2026-10-03T16:00:00Z,Minnesota Golden Gophers,Michigan Wolverines,not_final_in_cfbd
2026,6b22daf46195be6b3748584efe89dac1,2026-10-03T16:00:00Z,Mississippi State Bulldogs,Alabama Crimson Tide,not_final_in_cfbd
2026,a77fd3143159a9d16a75685528d9960b,2026-10-03T16:00:00Z,NC State Wolfpack,Louisville Cardinals,not_final_in_cfbd
2026,2b8db5053d533b488c0d76f49382d219,2026-10-03T16:00:00Z,North Carolina Tar Heels,Notre Dame Fighting Irish,not_final_in_cfbd
2026,b163da8a283ade5bd6428a3ca01da8b8,2026-10-03T19:30:00Z,Iowa Hawkeyes,Ohio State Buckeyes,not_final_in_cfbd
2026,6d39ea01c532535edf756b8086656518,2026-10-03T19:30:00Z,Missouri Tigers,Florida Gators,not_final_in_cfbd
2026,f2defdeeb6cb3aa4a86b01a7a5b1ece4,2026-10-03T19:30:00Z,Tennessee Volunteers,Auburn Tigers,not_final_in_cfbd
2026,59abc1d6262d2ea6a72c4daad4c83af2,2026-10-03T20:15:00Z,South Carolina Gamecocks,Kentucky Wildcats,not_final_in_cfbd
2026,b58c0d24e66471e6095c0a5f9afb7ce3,2026-10-03T23:00:00Z,TCU Horned Frogs,BYU Cougars,not_final_in_cfbd
2026,f981648dba0e71d8517d47d31aa2633d,2026-10-03T23:30:00Z,USC Trojans,Washington Huskies,not_final_in_cfbd
