rule_version,model_version,season,game_id,kickoff_utc,captured_at_utc,home_team,away_team,division_status,selection,sportsbook_key,sportsbook,spread,american_odds,projected_home_margin,edge_points,market_last_update_utc,actual_home_margin,selection_result,one_unit_profit,cfbd_game_id,grading_status
prospective_v1_20260927_edge3_cutoff6h_price200_first_qualifying,v1,2026,0469a451e58ca81723a7760d4bede173,2026-10-03T00:00:00Z,2026-09-27T03:51:32Z,Northwestern Wildcats,Penn State Nittany Lions,FBS vs FBS,Northwestern Wildcats,draftkings,DraftKings,5.5,-110.0,-0.34337,5.15663,2026-09-27T03:51:04Z,,,,,pending
prospective_v1_20260927_edge3_cutoff6h_price200_first_qualifying,v1,2026,2b8db5053d533b488c0d76f49382d219,2026-10-03T16:00:00Z,2026-09-27T03:51:32Z,North Carolina Tar Heels,Notre Dame Fighting Irish,FBS vs FBS,North Carolina Tar Heels,draftkings,DraftKings,21.5,-110.0,-9.12654,12.37346,2026-09-27T03:51:04Z,,,,,pending
prospective_v1_20260927_edge3_cutoff6h_price200_first_qualifying,v1,2026,46e1be6476ed577d1b5194b46b27c643,2026-10-03T16:00:00Z,2026-09-27T03:51:32Z,Georgia Bulldogs,Vanderbilt Commodores,FBS vs FBS,Vanderbilt Commodores,draftkings,DraftKings,24.5,-110.0,14.61221,9.88779,2026-09-27T03:51:04Z,,,,,pending
prospective_v1_20260927_edge3_cutoff6h_price200_first_qualifying,v2,2026,46e1be6476ed577d1b5194b46b27c643,2026-10-03T16:00:00Z,2026-09-27T03:51:32Z,Georgia Bulldogs,Vanderbilt Commodores,FBS vs FBS,Vanderbilt Commodores,draftkings,DraftKings,24.5,-110.0,15.6934,8.8066,2026-09-27T03:51:04Z,,,,,pending
prospective_v1_20260927_edge3_cutoff6h_price200_first_qualifying,v1,2026,6b22daf46195be6b3748584efe89dac1,2026-10-03T16:00:00Z,2026-09-27T03:51:32Z,Mississippi State Bulldogs,Alabama Crimson Tide,FBS vs FBS,Mississippi State Bulldogs,draftkings,DraftKings,4.5,-115.0,3.01542,7.51542,2026-09-27T03:51:04Z,,,,,pending
prospective_v1_20260927_edge3_cutoff6h_price200_first_qualifying,v2,2026,6b22daf46195be6b3748584efe89dac1,2026-10-03T16:00:00Z,2026-09-27T03:51:32Z,Mississippi State Bulldogs,Alabama Crimson Tide,FBS vs FBS,Mississippi State Bulldogs,draftkings,DraftKings,4.5,-115.0,-0.62873,3.87127,2026-09-27T03:51:04Z,,,,,pending
prospective_v1_20260927_edge3_cutoff6h_price200_first_qualifying,v2,2026,6d39ea01c532535edf756b8086656518,2026-10-03T19:30:00Z,2026-09-27T03:51:32Z,Missouri Tigers,Florida Gators,FBS vs FBS,Missouri Tigers,draftkings,DraftKings,5.5,-110.0,-2.03037,3.46963,2026-09-27T03:51:04Z,,,,,pending
prospective_v1_20260927_edge3_cutoff6h_price200_first_qualifying,v1,2026,932c7f6dfe06be77192fe000e9f3ac9d,2026-10-03T16:00:00Z,2026-09-27T03:51:32Z,Clemson Tigers,Miami Hurricanes,FBS vs FBS,Clemson Tigers,draftkings,DraftKings,18.5,-110.0,-11.97768,6.52232,2026-09-27T03:51:04Z,,,,,pending
prospective_v1_20260927_edge3_cutoff6h_price200_first_qualifying,v2,2026,932c7f6dfe06be77192fe000e9f3ac9d,2026-10-03T16:00:00Z,2026-09-27T03:51:32Z,Clemson Tigers,Miami Hurricanes,FBS vs FBS,Clemson Tigers,draftkings,DraftKings,18.5,-110.0,-11.00132,7.49868,2026-09-27T03:51:04Z,,,,,pending
prospective_v1_20260927_edge3_cutoff6h_price200_first_qualifying,v1,2026,b163da8a283ade5bd6428a3ca01da8b8,2026-10-03T19:30:00Z,2026-09-27T03:51:32Z,Iowa Hawkeyes,Ohio State Buckeyes,FBS vs FBS,Iowa Hawkeyes,draftkings,DraftKings,14.5,-115.0,-0.83953,13.66047,2026-09-27T03:51:04Z,,,,,pending
prospective_v1_20260927_edge3_cutoff6h_price200_first_qualifying,v2,2026,b163da8a283ade5bd6428a3ca01da8b8,2026-10-03T19:30:00Z,2026-09-27T03:51:32Z,Iowa Hawkeyes,Ohio State Buckeyes,FBS vs FBS,Iowa Hawkeyes,draftkings,DraftKings,14.5,-115.0,-6.99654,7.50346,2026-09-27T03:51:04Z,,,,,pending
prospective_v1_20260927_edge3_cutoff6h_price200_first_qualifying,v1,2026,b58c0d24e66471e6095c0a5f9afb7ce3,2026-10-03T23:00:00Z,2026-09-27T03:51:32Z,TCU Horned Frogs,BYU Cougars,FBS vs FBS,TCU Horned Frogs,draftkings,DraftKings,6.5,-110.0,1.90487,8.40487,2026-09-27T03:51:04Z,,,,,pending
prospective_v1_20260927_edge3_cutoff6h_price200_first_qualifying,v1,2026,e61c74f0e28b46ad83270a6234b425f4,2026-10-02T23:00:00Z,2026-09-27T03:51:32Z,Virginia Tech Hokies,Pittsburgh Panthers,FBS vs FBS,Pittsburgh Panthers,draftkings,DraftKings,6.0,-110.0,-0.86531,6.86531,2026-09-27T03:51:04Z,,,,,pending
prospective_v1_20260927_edge3_cutoff6h_price200_first_qualifying,v2,2026,e61c74f0e28b46ad83270a6234b425f4,2026-10-02T23:00:00Z,2026-09-27T03:51:32Z,Virginia Tech Hokies,Pittsburgh Panthers,FBS vs FBS,Pittsburgh Panthers,draftkings,DraftKings,6.0,-110.0,1.66231,4.33769,2026-09-27T03:51:04Z,,,,,pending
prospective_v1_20260927_edge3_cutoff6h_price200_first_qualifying,v1,2026,a77fd3143159a9d16a75685528d9960b,2026-10-03T16:00:00Z,2026-09-27T04:31:59Z,NC State Wolfpack,Louisville Cardinals,FBS vs FBS,NC State Wolfpack,draftkings,DraftKings,6.5,-110.0,4.24546,10.74546,2026-09-27T04:31:12Z,,,,,pending
prospective_v1_20260927_edge3_cutoff6h_price200_first_qualifying,v2,2026,a77fd3143159a9d16a75685528d9960b,2026-10-03T16:00:00Z,2026-09-27T04:31:59Z,NC State Wolfpack,Louisville Cardinals,FBS vs FBS,NC State Wolfpack,draftkings,DraftKings,6.5,-110.0,-3.01849,3.48151,2026-09-27T04:31:12Z,,,,,pending
prospective_v1_20260927_edge3_cutoff6h_price200_first_qualifying,v2,2026,0e62429ed73f84f87f603d376477749c,2026-10-03T20:00:00Z,2026-09-27T08:31:59Z,Nebraska Cornhuskers,Maryland Terrapins,FBS vs FBS,Nebraska Cornhuskers,fanduel,FanDuel,-12.5,-110.0,19.33515,6.83515,2026-09-27T08:31:30Z,,,,,pending
prospective_v1_20260927_edge3_cutoff6h_price200_first_qualifying,v1,2026,11c2108f1d7c8fb56c8a6c7fcd9b62bf,2026-10-03T16:00:00Z,2026-09-27T08:31:59Z,Houston Cougars,UCF Knights,FBS vs FBS,UCF Knights,fanduel,FanDuel,11.5,-110.0,2.31872,9.18128,2026-09-27T08:31:30Z,,,,,pending
prospective_v1_20260927_edge3_cutoff6h_price200_first_qualifying,v2,2026,11c2108f1d7c8fb56c8a6c7fcd9b62bf,2026-10-03T16:00:00Z,2026-09-27T08:31:59Z,Houston Cougars,UCF Knights,FBS vs FBS,UCF Knights,fanduel,FanDuel,11.5,-110.0,6.20479,5.29521,2026-09-27T08:31:30Z,,,,,pending
prospective_v1_20260927_edge3_cutoff6h_price200_first_qualifying,v1,2026,253e389201e449a2984a194e3eebf7f8,2026-10-03T23:30:00Z,2026-09-27T08:31:59Z,Colorado Buffaloes,Texas Tech Red Raiders,FBS vs FBS,Colorado Buffaloes,fanduel,FanDuel,15.5,-110.0,-7.04047,8.45953,2026-09-27T08:31:30Z,,,,,pending
prospective_v1_20260927_edge3_cutoff6h_price200_first_qualifying,v1,2026,296c3e1c69d11f640690b6f9bd37d424,2026-10-03T19:30:00Z,2026-09-27T08:31:59Z,Florida State Seminoles,Virginia Cavaliers,FBS vs FBS,Virginia Cavaliers,draftkings,DraftKings,-1.5,-110.0,-7.27101,5.77101,2026-09-27T08:30:58Z,,,,,pending
prospective_v1_20260927_edge3_cutoff6h_price200_first_qualifying,v1,2026,36357c80707ce0c3a645afe495b28bbd,2026-10-03T16:00:00Z,2026-09-27T08:31:59Z,SMU Mustangs,Boston College Eagles,FBS vs FBS,Boston College Eagles,fanduel,FanDuel,20.5,-104.0,9.5876,10.9124,2026-09-27T08:31:30Z,,,,,pending
prospective_v1_20260927_edge3_cutoff6h_price200_first_qualifying,v2,2026,36357c80707ce0c3a645afe495b28bbd,2026-10-03T16:00:00Z,2026-09-27T08:31:59Z,SMU Mustangs,Boston College Eagles,FBS vs FBS,Boston College Eagles,fanduel,FanDuel,20.5,-104.0,11.2007,9.2993,2026-09-27T08:31:30Z,,,,,pending
prospective_v1_20260927_edge3_cutoff6h_price200_first_qualifying,v1,2026,4ec93b02d04c2a019ebd6f4ccd9f7af5,2026-10-04T02:30:00Z,2026-09-27T08:31:59Z,Arizona State Sun Devils,Baylor Bears,FBS vs FBS,Baylor Bears,fanduel,FanDuel,4.5,-110.0,0.92564,3.57436,2026-09-27T08:31:30Z,,,,,pending
prospective_v1_20260927_edge3_cutoff6h_price200_first_qualifying,v1,2026,4fcb5b7ec04cad7acc5d048bdd24be4c,2026-10-03T16:00:00Z,2026-09-27T08:31:59Z,Air Force Falcons,Navy Midshipmen,FBS vs FBS,Air Force Falcons,fanduel,FanDuel,1.5,-115.0,6.16211,7.66211,2026-09-27T08:31:30Z,,,,,pending
prospective_v1_20260927_edge3_cutoff6h_price200_first_qualifying,v2,2026,4fcb5b7ec04cad7acc5d048bdd24be4c,2026-10-03T16:00:00Z,2026-09-27T08:31:59Z,Air Force Falcons,Navy Midshipmen,FBS vs FBS,Air Force Falcons,fanduel,FanDuel,1.5,-115.0,4.18925,5.68925,2026-09-27T08:31:30Z,,,,,pending
prospective_v1_20260927_edge3_cutoff6h_price200_first_qualifying,v2,2026,575f5abb1af3a81091ac5a1cf1f5f927,2026-10-03T16:30:00Z,2026-09-27T08:31:59Z,Wisconsin Badgers,Michigan State Spartans,FBS vs FBS,Michigan State Spartans,draftkings,DraftKings,10.0,-110.0,5.98418,4.01582,2026-09-27T08:30:58Z,,,,,pending
prospective_v1_20260927_edge3_cutoff6h_price200_first_qualifying,v2,2026,59abc1d6262d2ea6a72c4daad4c83af2,2026-10-03T20:15:00Z,2026-09-27T08:31:59Z,South Carolina Gamecocks,Kentucky Wildcats,FBS vs FBS,South Carolina Gamecocks,draftkings,DraftKings,-3.5,-120.0,6.63116,3.13116,2026-09-27T08:30:58Z,,,,,pending
prospective_v1_20260927_edge3_cutoff6h_price200_first_qualifying,v2,2026,6338f8a71aba32414791add2d358472d,2026-10-03T23:30:00Z,2026-09-27T08:31:59Z,South Florida Bulls,Temple Owls,FBS vs FBS,South Florida Bulls,fanduel,FanDuel,-6.5,-110.0,10.10808,3.60808,2026-09-27T08:31:30Z,,,,,pending
prospective_v1_20260927_edge3_cutoff6h_price200_first_qualifying,v1,2026,63dded0ee467d6f6d03c41673569238d,2026-10-04T03:00:00Z,2026-09-27T08:31:59Z,Arizona Wildcats,Cincinnati Bearcats,FBS vs FBS,Cincinnati Bearcats,draftkings,DraftKings,8.5,-108.0,-0.40515,8.90515,2026-09-27T08:30:58Z,,,,,pending
prospective_v1_20260927_edge3_cutoff6h_price200_first_qualifying,v2,2026,63dded0ee467d6f6d03c41673569238d,2026-10-04T03:00:00Z,2026-09-27T08:31:59Z,Arizona Wildcats,Cincinnati Bearcats,FBS vs FBS,Cincinnati Bearcats,draftkings,DraftKings,8.5,-108.0,3.86508,4.63492,2026-09-27T08:30:58Z,,,,,pending
prospective_v1_20260927_edge3_cutoff6h_price200_first_qualifying,v1,2026,7bdd5ae18979fa3af61625a21d757987,2026-10-03T16:00:00Z,2026-09-27T08:31:59Z,Iowa State Cyclones,West Virginia Mountaineers,FBS vs FBS,Iowa State Cyclones,fanduel,FanDuel,1.5,-118.0,3.75598,5.25598,2026-09-27T08:31:30Z,,,,,pending
prospective_v1_20260927_edge3_cutoff6h_price200_first_qualifying,v2,2026,7bdd5ae18979fa3af61625a21d757987,2026-10-03T16:00:00Z,2026-09-27T08:31:59Z,Iowa State Cyclones,West Virginia Mountaineers,FBS vs FBS,Iowa State Cyclones,fanduel,FanDuel,1.5,-118.0,11.87249,13.37249,2026-09-27T08:31:30Z,,,,,pending
prospective_v1_20260927_edge3_cutoff6h_price200_first_qualifying,v1,2026,7e365956ef23823565a044a5af18736a,2026-10-03T19:45:00Z,2026-09-27T08:31:59Z,James Madison Dukes,Marshall Thundering Herd,FBS vs FBS,James Madison Dukes,fanduel,FanDuel,-14.5,-110.0,20.96073,6.46073,2026-09-27T08:31:30Z,,,,,pending
prospective_v1_20260927_edge3_cutoff6h_price200_first_qualifying,v2,2026,7e365956ef23823565a044a5af18736a,2026-10-03T19:45:00Z,2026-09-27T08:31:59Z,James Madison Dukes,Marshall Thundering Herd,FBS vs FBS,James Madison Dukes,fanduel,FanDuel,-14.5,-110.0,17.86067,3.36067,2026-09-27T08:31:30Z,,,,,pending
prospective_v1_20260927_edge3_cutoff6h_price200_first_qualifying,v1,2026,94769faaa7a5aba0474291fc9c2d3d6d,2026-10-03T16:00:00Z,2026-09-27T08:31:59Z,UConn Huskies,Syracuse Orange,FBS vs FBS,UConn Huskies,fanduel,FanDuel,7.5,-110.0,1.35331,8.85331,2026-09-27T08:31:30Z,,,,,pending
prospective_v1_20260927_edge3_cutoff6h_price200_first_qualifying,v2,2026,94769faaa7a5aba0474291fc9c2d3d6d,2026-10-03T16:00:00Z,2026-09-27T08:31:59Z,UConn Huskies,Syracuse Orange,FBS vs FBS,UConn Huskies,fanduel,FanDuel,7.5,-110.0,7.83805,15.33805,2026-09-27T08:31:30Z,,,,,pending
prospective_v1_20260927_edge3_cutoff6h_price200_first_qualifying,v1,2026,9dcccf34095cde7b0fe36250bb5be6f6,2026-10-04T00:00:00Z,2026-09-27T08:31:59Z,Rutgers Scarlet Knights,Indiana Hoosiers,FBS vs FBS,Rutgers Scarlet Knights,draftkings,DraftKings,23.5,-105.0,-10.06932,13.43068,2026-09-27T08:30:58Z,,,,,pending
prospective_v1_20260927_edge3_cutoff6h_price200_first_qualifying,v1,2026,a2f01448219e39fd44e3d98ea5c7f482,2026-10-03T16:00:00Z,2026-09-27T08:31:59Z,Minnesota Golden Gophers,Michigan Wolverines,FBS vs FBS,Minnesota Golden Gophers,fanduel,FanDuel,6.5,-115.0,3.94294,10.44294,2026-09-27T08:31:30Z,,,,,pending
prospective_v1_20260927_edge3_cutoff6h_price200_first_qualifying,v2,2026,afbc95d529430ef9797b428b2a9db1ab,2026-10-03T19:30:00Z,2026-09-27T08:31:59Z,Central Michigan Chippewas,Akron Zips,FBS vs FBS,Central Michigan Chippewas,fanduel,FanDuel,-5.5,-110.0,9.35488,3.85488,2026-09-27T08:31:30Z,,,,,pending
prospective_v1_20260927_edge3_cutoff6h_price200_first_qualifying,v1,2026,b30387175520051e2889230030365494,2026-10-03T22:00:00Z,2026-09-27T08:31:59Z,Colorado State Rams,Oregon State Beavers,FBS vs FBS,Colorado State Rams,fanduel,FanDuel,5.5,-110.0,-0.94629,4.55371,2026-09-27T08:31:30Z,,,,,pending
prospective_v1_20260927_edge3_cutoff6h_price200_first_qualifying,v2,2026,b30387175520051e2889230030365494,2026-10-03T22:00:00Z,2026-09-27T08:31:59Z,Colorado State Rams,Oregon State Beavers,FBS vs FBS,Colorado State Rams,fanduel,FanDuel,5.5,-110.0,0.96283,6.46283,2026-09-27T08:31:30Z,,,,,pending
prospective_v1_20260927_edge3_cutoff6h_price200_first_qualifying,v2,2026,c3437a49d4efdbca5669e7edfb5af569,2026-10-03T18:00:00Z,2026-09-27T08:31:59Z,Ball State Cardinals,Toledo Rockets,FBS vs FBS,Toledo Rockets,fanduel,FanDuel,-13.5,-110.0,-17.09135,3.59135,2026-09-27T08:31:30Z,,,,,pending
prospective_v1_20260927_edge3_cutoff6h_price200_first_qualifying,v1,2026,e4f058459f5ee64f3cff3ac1aed79e64,2026-10-03T19:30:00Z,2026-09-27T08:31:59Z,Georgia State Panthers,Old Dominion Monarchs,FBS vs FBS,Georgia State Panthers,fanduel,FanDuel,1.5,-110.0,12.1885,13.6885,2026-09-27T08:31:30Z,,,,,pending
prospective_v1_20260927_edge3_cutoff6h_price200_first_qualifying,v2,2026,e4f058459f5ee64f3cff3ac1aed79e64,2026-10-03T19:30:00Z,2026-09-27T08:31:59Z,Georgia State Panthers,Old Dominion Monarchs,FBS vs FBS,Georgia State Panthers,fanduel,FanDuel,1.5,-110.0,4.04862,5.54862,2026-09-27T08:31:30Z,,,,,pending
prospective_v1_20260927_edge3_cutoff6h_price200_first_qualifying,v2,2026,f28938b05f7d4b4187e879917f6e583a,2026-10-03T19:30:00Z,2026-09-27T08:31:59Z,UNLV Rebels,California Golden Bears,FBS vs FBS,UNLV Rebels,fanduel,FanDuel,1.5,-110.0,7.64249,9.14249,2026-09-27T08:31:30Z,,,,,pending
prospective_v1_20260927_edge3_cutoff6h_price200_first_qualifying,v1,2026,ff98b80b07e2f42c76c2c255e6611247,2026-10-03T23:00:00Z,2026-09-27T08:31:59Z,Texas A&M Aggies,Arkansas Razorbacks,FBS vs FBS,Arkansas Razorbacks,fanduel,FanDuel,15.5,-110.0,7.24695,8.25305,2026-09-27T08:31:30Z,,,,,pending
prospective_v1_20260927_edge3_cutoff6h_price200_first_qualifying,v1,2026,279230b2d38c4e97187c3f065501a4cf,2026-10-03T23:00:00Z,2026-09-27T12:36:42Z,Rice Owls,UTSA Roadrunners,FBS vs FBS,Rice Owls,fanduel,FanDuel,10.5,-110.0,-6.21135,4.28865,2026-09-27T12:36:11Z,,,,,pending
prospective_v1_20260927_edge3_cutoff6h_price200_first_qualifying,v1,2026,3c64f3dd8efd756a90f09303e5517006,2026-10-02T01:00:00Z,2026-09-27T12:36:42Z,Tulsa Golden Hurricane,North Texas Mean Green,FBS vs FBS,North Texas Mean Green,fanduel,FanDuel,4.5,-105.0,0.68475,3.81525,2026-09-27T12:36:11Z,,,,,pending
prospective_v1_20260927_edge3_cutoff6h_price200_first_qualifying,v2,2026,3c64f3dd8efd756a90f09303e5517006,2026-10-02T01:00:00Z,2026-09-27T12:36:42Z,Tulsa Golden Hurricane,North Texas Mean Green,FBS vs FBS,North Texas Mean Green,fanduel,FanDuel,4.5,-105.0,-6.34896,10.84896,2026-09-27T12:36:11Z,,,,,pending
prospective_v1_20260927_edge3_cutoff6h_price200_first_qualifying,v2,2026,a2f01448219e39fd44e3d98ea5c7f482,2026-10-03T16:00:00Z,2026-09-27T12:36:42Z,Minnesota Golden Gophers,Michigan Wolverines,FBS vs FBS,Minnesota Golden Gophers,fanduel,FanDuel,6.5,-112.0,-3.18281,3.31719,2026-09-27T12:36:11Z,,,,,pending
prospective_v1_20260927_edge3_cutoff6h_price200_first_qualifying,v2,2026,c1c548c80e674e3a37dcc2551beba599,2026-10-03T19:30:00Z,2026-09-27T12:36:42Z,Kent State Golden Flashes,Ohio Bobcats,FBS vs FBS,Ohio Bobcats,fanduel,FanDuel,-4.5,-110.0,-10.30163,5.80163,2026-09-27T12:36:11Z,,,,,pending
prospective_v1_20260927_edge3_cutoff6h_price200_first_qualifying,v1,2026,c3437a49d4efdbca5669e7edfb5af569,2026-10-03T18:00:00Z,2026-09-27T12:36:42Z,Ball State Cardinals,Toledo Rockets,FBS vs FBS,Ball State Cardinals,fanduel,FanDuel,15.5,-105.0,-12.47609,3.02391,2026-09-27T12:36:11Z,,,,,pending
prospective_v1_20260927_edge3_cutoff6h_price200_first_qualifying,v1,2026,031ad65ec032d459cda2cee30378e4a4,2026-10-03T17:00:00Z,2026-09-27T16:31:52Z,Buffalo Bulls,Western Michigan Broncos,FBS vs FBS,Buffalo Bulls,lowvig,LowVig.ag,16.5,-106.0,-5.74394,10.75606,2026-09-27T16:31:10Z,,,,,pending
prospective_v1_20260927_edge3_cutoff6h_price200_first_qualifying,v2,2026,031ad65ec032d459cda2cee30378e4a4,2026-10-03T17:00:00Z,2026-09-27T16:31:52Z,Buffalo Bulls,Western Michigan Broncos,FBS vs FBS,Buffalo Bulls,lowvig,LowVig.ag,16.5,-106.0,-4.2484,12.2516,2026-09-27T16:31:10Z,,,,,pending
prospective_v1_20260927_edge3_cutoff6h_price200_first_qualifying,v1,2026,23025b717a93bdd8f30424e90a97d68f,2026-10-04T01:30:00Z,2026-09-27T16:31:52Z,Washington State Cougars,Fresno State Bulldogs,FBS vs FBS,Fresno State Bulldogs,lowvig,LowVig.ag,1.5,-101.0,-1.58801,3.08801,2026-09-27T16:31:10Z,,,,,pending
prospective_v1_20260927_edge3_cutoff6h_price200_first_qualifying,v2,2026,766a0470521ac4a0fad476df45c1438b,2026-10-03T19:30:00Z,2026-09-27T16:31:52Z,Miami (OH) RedHawks,Bowling Green Falcons,FBS vs FBS,Miami (OH) RedHawks,lowvig,LowVig.ag,-15.5,-106.0,33.47366,17.97366,2026-09-27T16:31:10Z,,,,,pending
prospective_v1_20260927_edge3_cutoff6h_price200_first_qualifying,v1,2026,7e0abfe1077b7d41d61b918ef53d247b,2026-10-03T19:30:00Z,2026-09-27T16:31:52Z,UMass Minutemen,Eastern Michigan Eagles,FBS vs FBS,UMass Minutemen,lowvig,LowVig.ag,-2.5,-106.0,17.64388,15.14388,2026-09-27T16:31:10Z,,,,,pending
prospective_v1_20260927_edge3_cutoff6h_price200_first_qualifying,v2,2026,7e0abfe1077b7d41d61b918ef53d247b,2026-10-03T19:30:00Z,2026-09-27T16:31:52Z,UMass Minutemen,Eastern Michigan Eagles,FBS vs FBS,UMass Minutemen,lowvig,LowVig.ag,-2.5,-106.0,7.43605,4.93605,2026-09-27T16:31:10Z,,,,,pending
prospective_v1_20260927_edge3_cutoff6h_price200_first_qualifying,v1,2026,8ef32c906348e926ca0fabcc25635c11,2026-10-03T16:00:00Z,2026-09-27T16:31:52Z,Wake Forest Demon Deacons,Stanford Cardinal,FBS vs FBS,Stanford Cardinal,lowvig,LowVig.ag,13.5,101.0,10.37568,3.12432,2026-09-27T16:31:10Z,,,,,pending
prospective_v1_20260927_edge3_cutoff6h_price200_first_qualifying,v1,2026,9b2bcb758c7d7f4cb25d5102e4e9068e,2026-10-03T19:30:00Z,2026-09-27T16:31:52Z,Charlotte 49ers,Memphis Tigers,FBS vs FBS,Charlotte 49ers,lowvig,LowVig.ag,21.5,-106.0,-9.10852,12.39148,2026-09-27T16:31:10Z,,,,,pending
prospective_v1_20260927_edge3_cutoff6h_price200_first_qualifying,v2,2026,9b2bcb758c7d7f4cb25d5102e4e9068e,2026-10-03T19:30:00Z,2026-09-27T16:31:52Z,Charlotte 49ers,Memphis Tigers,FBS vs FBS,Charlotte 49ers,lowvig,LowVig.ag,21.5,-106.0,-13.84931,7.65069,2026-09-27T16:31:10Z,,,,,pending
prospective_v1_20260927_edge3_cutoff6h_price200_first_qualifying,v1,2026,a2f7df0b000c054abd3cbc6f4a4b2432,2026-10-03T23:30:00Z,2026-09-27T16:31:52Z,Boise State Broncos,Utah State Aggies,FBS vs FBS,Utah State Aggies,lowvig,LowVig.ag,20.5,-101.0,12.90264,7.59736,2026-09-27T16:31:10Z,,,,,pending
prospective_v1_20260927_edge3_cutoff6h_price200_first_qualifying,v2,2026,a2f7df0b000c054abd3cbc6f4a4b2432,2026-10-03T23:30:00Z,2026-09-27T16:31:52Z,Boise State Broncos,Utah State Aggies,FBS vs FBS,Utah State Aggies,lowvig,LowVig.ag,20.5,-101.0,11.46471,9.03529,2026-09-27T16:31:10Z,,,,,pending
prospective_v1_20260927_edge3_cutoff6h_price200_first_qualifying,v1,2026,a39f3695781e9b2f76011e921d63b124,2026-10-02T23:00:00Z,2026-09-27T16:31:52Z,Delaware Blue Hens,Liberty Flames,FBS vs FBS,Delaware Blue Hens,lowvig,LowVig.ag,7.0,-107.0,-3.71236,3.28764,2026-09-27T16:31:10Z,,,,,pending
prospective_v1_20260927_edge3_cutoff6h_price200_first_qualifying,v1,2026,b0998b3474fea9dee080784b8da01048,2026-10-02T00:00:00Z,2026-09-27T16:31:52Z,New Mexico State Aggies,Western Kentucky Hilltoppers,FBS vs FBS,New Mexico State Aggies,draftkings,DraftKings,-1.5,-108.0,6.71666,5.21666,2026-09-27T16:31:42Z,,,,,pending
prospective_v1_20260927_edge3_cutoff6h_price200_first_qualifying,v2,2026,b0998b3474fea9dee080784b8da01048,2026-10-02T00:00:00Z,2026-09-27T16:31:52Z,New Mexico State Aggies,Western Kentucky Hilltoppers,FBS vs FBS,New Mexico State Aggies,draftkings,DraftKings,-1.5,-108.0,5.82107,4.32107,2026-09-27T16:31:42Z,,,,,pending
prospective_v1_20260927_edge3_cutoff6h_price200_first_qualifying,v2,2026,f73081099f845f23ea7f41ef09128cdd,2026-10-04T02:30:00Z,2026-09-27T16:31:52Z,San Diego State Aztecs,Texas State Bobcats,FBS vs FBS,San Diego State Aztecs,lowvig,LowVig.ag,4.5,-101.0,2.87819,7.37819,2026-09-27T16:31:10Z,,,,,pending
prospective_v1_20260927_edge3_cutoff6h_price200_first_qualifying,v2,2026,ff98b80b07e2f42c76c2c255e6611247,2026-10-03T23:00:00Z,2026-09-27T16:31:52Z,Texas A&M Aggies,Arkansas Razorbacks,FBS vs FBS,Texas A&M Aggies,lowvig,LowVig.ag,-13.5,-116.0,17.67263,4.17263,2026-09-27T16:31:10Z,,,,,pending
prospective_v1_20260927_edge3_cutoff6h_price200_first_qualifying,v2,2026,23025b717a93bdd8f30424e90a97d68f,2026-10-04T01:30:00Z,2026-09-27T20:30:35Z,Washington State Cougars,Fresno State Bulldogs,FBS vs FBS,Washington State Cougars,draftkings,DraftKings,1.5,-112.0,3.82327,5.32327,2026-09-27T20:29:04Z,,,,,pending
prospective_v1_20260927_edge3_cutoff6h_price200_first_qualifying,v1,2026,38e6b42c07f8da2e57e0b4dd09d6174c,2026-10-03T16:00:00Z,2026-09-27T20:30:35Z,Kansas Jayhawks,Middle Tennessee Blue Raiders,FBS vs FBS,Middle Tennessee Blue Raiders,mybookieag,MyBookie.ag,20.5,-110.0,4.19493,16.30507,2026-09-27T20:30:07Z,,,,,pending
prospective_v1_20260927_edge3_cutoff6h_price200_first_qualifying,v2,2026,38e6b42c07f8da2e57e0b4dd09d6174c,2026-10-03T16:00:00Z,2026-09-27T20:30:35Z,Kansas Jayhawks,Middle Tennessee Blue Raiders,FBS vs FBS,Middle Tennessee Blue Raiders,mybookieag,MyBookie.ag,20.5,-110.0,3.92017,16.57983,2026-09-27T20:30:07Z,,,,,pending
prospective_v1_20260927_edge3_cutoff6h_price200_first_qualifying,v1,2026,5efdb3515c882453d9abcd27db28f78b,2026-10-03T23:00:00Z,2026-09-27T20:30:35Z,Coastal Carolina Chanticleers,Georgia Southern Eagles,FBS vs FBS,Coastal Carolina Chanticleers,draftkings,DraftKings,1.5,-108.0,1.74124,3.24124,2026-09-27T20:29:04Z,,,,,pending
prospective_v1_20260927_edge3_cutoff6h_price200_first_qualifying,v2,2026,e7e3e3bfc3fd7fca7550ecf48cb78666,2026-10-03T20:00:00Z,2026-09-27T20:30:35Z,New Mexico Lobos,UTEP Miners,FBS vs FBS,New Mexico Lobos,lowvig,LowVig.ag,-21.5,-112.0,26.25121,4.75121,2026-09-27T20:29:52Z,,,,,pending
prospective_v1_20260927_edge3_cutoff6h_price200_first_qualifying,v2,2026,9dcccf34095cde7b0fe36250bb5be6f6,2026-10-04T00:00:00Z,2026-09-28T00:41:49Z,Rutgers Scarlet Knights,Indiana Hoosiers,FBS vs FBS,Rutgers Scarlet Knights,fanduel,FanDuel,24.5,-115.0,-20.77173,3.72827,2026-09-28T00:41:37Z,,,,,pending
prospective_v1_20260927_edge3_cutoff6h_price200_first_qualifying,v1,2026,c1c548c80e674e3a37dcc2551beba599,2026-10-03T19:30:00Z,2026-09-28T04:34:33Z,Kent State Golden Flashes,Ohio Bobcats,FBS vs FBS,Ohio Bobcats,fanduel,FanDuel,-3.5,-118.0,-7.02874,3.52874,2026-09-28T04:34:19Z,,,,,pending
