rule_version,model_version,season,game_id,kickoff_utc,captured_at_utc,home_team,away_team,division_status,selection,sportsbook_key,sportsbook,spread,american_odds,projected_home_margin,edge_points,market_last_update_utc,v2_previous_games,v2_current_games,v2_inputs_sha256
prospective_v1_20260927_edge3_cutoff6h_price200_first_qualifying,v1,2026,0469a451e58ca81723a7760d4bede173,2026-10-03T00:00:00Z,2026-09-27T03:51:32Z,Northwestern Wildcats,Penn State Nittany Lions,FBS vs FBS,Northwestern Wildcats,draftkings,DraftKings,5.5,-110.0,-0.34337,5.15663,2026-09-27T03:51:04Z,,,
prospective_v1_20260927_edge3_cutoff6h_price200_first_qualifying,v1,2026,2b8db5053d533b488c0d76f49382d219,2026-10-03T16:00:00Z,2026-09-27T03:51:32Z,North Carolina Tar Heels,Notre Dame Fighting Irish,FBS vs FBS,North Carolina Tar Heels,draftkings,DraftKings,21.5,-110.0,-9.12654,12.37346,2026-09-27T03:51:04Z,,,
prospective_v1_20260927_edge3_cutoff6h_price200_first_qualifying,v1,2026,46e1be6476ed577d1b5194b46b27c643,2026-10-03T16:00:00Z,2026-09-27T03:51:32Z,Georgia Bulldogs,Vanderbilt Commodores,FBS vs FBS,Vanderbilt Commodores,draftkings,DraftKings,24.5,-110.0,14.61221,9.88779,2026-09-27T03:51:04Z,,,
prospective_v1_20260927_edge3_cutoff6h_price200_first_qualifying,v2,2026,46e1be6476ed577d1b5194b46b27c643,2026-10-03T16:00:00Z,2026-09-27T03:51:32Z,Georgia Bulldogs,Vanderbilt Commodores,FBS vs FBS,Vanderbilt Commodores,draftkings,DraftKings,24.5,-110.0,15.6934,8.8066,2026-09-27T03:51:04Z,728,176,3a3e04cdd143c80a1b0e82094222a3a6baf17401d0e93f4c735be89c4e9e8c4d
prospective_v1_20260927_edge3_cutoff6h_price200_first_qualifying,v1,2026,6b22daf46195be6b3748584efe89dac1,2026-10-03T16:00:00Z,2026-09-27T03:51:32Z,Mississippi State Bulldogs,Alabama Crimson Tide,FBS vs FBS,Mississippi State Bulldogs,draftkings,DraftKings,4.5,-115.0,3.01542,7.51542,2026-09-27T03:51:04Z,,,
prospective_v1_20260927_edge3_cutoff6h_price200_first_qualifying,v2,2026,6b22daf46195be6b3748584efe89dac1,2026-10-03T16:00:00Z,2026-09-27T03:51:32Z,Mississippi State Bulldogs,Alabama Crimson Tide,FBS vs FBS,Mississippi State Bulldogs,draftkings,DraftKings,4.5,-115.0,-0.62873,3.87127,2026-09-27T03:51:04Z,728,176,3a3e04cdd143c80a1b0e82094222a3a6baf17401d0e93f4c735be89c4e9e8c4d
prospective_v1_20260927_edge3_cutoff6h_price200_first_qualifying,v2,2026,6d39ea01c532535edf756b8086656518,2026-10-03T19:30:00Z,2026-09-27T03:51:32Z,Missouri Tigers,Florida Gators,FBS vs FBS,Missouri Tigers,draftkings,DraftKings,5.5,-110.0,-2.03037,3.46963,2026-09-27T03:51:04Z,728,176,3a3e04cdd143c80a1b0e82094222a3a6baf17401d0e93f4c735be89c4e9e8c4d
prospective_v1_20260927_edge3_cutoff6h_price200_first_qualifying,v1,2026,932c7f6dfe06be77192fe000e9f3ac9d,2026-10-03T16:00:00Z,2026-09-27T03:51:32Z,Clemson Tigers,Miami Hurricanes,FBS vs FBS,Clemson Tigers,draftkings,DraftKings,18.5,-110.0,-11.97768,6.52232,2026-09-27T03:51:04Z,,,
prospective_v1_20260927_edge3_cutoff6h_price200_first_qualifying,v2,2026,932c7f6dfe06be77192fe000e9f3ac9d,2026-10-03T16:00:00Z,2026-09-27T03:51:32Z,Clemson Tigers,Miami Hurricanes,FBS vs FBS,Clemson Tigers,draftkings,DraftKings,18.5,-110.0,-11.00132,7.49868,2026-09-27T03:51:04Z,728,176,3a3e04cdd143c80a1b0e82094222a3a6baf17401d0e93f4c735be89c4e9e8c4d
prospective_v1_20260927_edge3_cutoff6h_price200_first_qualifying,v1,2026,b163da8a283ade5bd6428a3ca01da8b8,2026-10-03T19:30:00Z,2026-09-27T03:51:32Z,Iowa Hawkeyes,Ohio State Buckeyes,FBS vs FBS,Iowa Hawkeyes,draftkings,DraftKings,14.5,-115.0,-0.83953,13.66047,2026-09-27T03:51:04Z,,,
prospective_v1_20260927_edge3_cutoff6h_price200_first_qualifying,v2,2026,b163da8a283ade5bd6428a3ca01da8b8,2026-10-03T19:30:00Z,2026-09-27T03:51:32Z,Iowa Hawkeyes,Ohio State Buckeyes,FBS vs FBS,Iowa Hawkeyes,draftkings,DraftKings,14.5,-115.0,-6.99654,7.50346,2026-09-27T03:51:04Z,728,176,3a3e04cdd143c80a1b0e82094222a3a6baf17401d0e93f4c735be89c4e9e8c4d
prospective_v1_20260927_edge3_cutoff6h_price200_first_qualifying,v1,2026,b58c0d24e66471e6095c0a5f9afb7ce3,2026-10-03T23:00:00Z,2026-09-27T03:51:32Z,TCU Horned Frogs,BYU Cougars,FBS vs FBS,TCU Horned Frogs,draftkings,DraftKings,6.5,-110.0,1.90487,8.40487,2026-09-27T03:51:04Z,,,
prospective_v1_20260927_edge3_cutoff6h_price200_first_qualifying,v1,2026,e61c74f0e28b46ad83270a6234b425f4,2026-10-02T23:00:00Z,2026-09-27T03:51:32Z,Virginia Tech Hokies,Pittsburgh Panthers,FBS vs FBS,Pittsburgh Panthers,draftkings,DraftKings,6.0,-110.0,-0.86531,6.86531,2026-09-27T03:51:04Z,,,
prospective_v1_20260927_edge3_cutoff6h_price200_first_qualifying,v2,2026,e61c74f0e28b46ad83270a6234b425f4,2026-10-02T23:00:00Z,2026-09-27T03:51:32Z,Virginia Tech Hokies,Pittsburgh Panthers,FBS vs FBS,Pittsburgh Panthers,draftkings,DraftKings,6.0,-110.0,1.66231,4.33769,2026-09-27T03:51:04Z,728,176,3a3e04cdd143c80a1b0e82094222a3a6baf17401d0e93f4c735be89c4e9e8c4d
